;CA;PROVINCIA;LATITUD;LONGITUD;NOMBRE_LOCAL;DIRECCION;CIUDAD;TIPO;SECTOR;CONTACTO_EMPRESA;EMAIL;TELEFONO;FAKE_ACCESS;ACUM_VERDE;ACUM_AMARILLO;ACUM_ROJO;VALORACIONES;CERTIFICACION;IMAGEN
19128;Andalucía;Sevilla;37,3829205;-5,9723172;100 Montaditos;;Sevilla;restaurante;hostelería;;;;;;;;;;https://photos.google.com/album/AF1QipPeTjEVM6iqX9eTYo84PXkbccPUirzMGqLjJsOG/photo/AF1QipOvgregYOMPN4vjhaBLfS9d1V7F_kxwLXaNDWR_
15023;País Vasco;Vizcaya;43,3514117;-3,0120457;Ajuria;;Bilbao;bar;hostelería;;;;;;;;;;https://photos.google.com/album/AF1QipPeTjEVM6iqX9eTYo84PXkbccPUirzMGqLjJsOG/photo/AF1QipPz1PsYp0NdYqLDbMJeR5mG4WTn7qPFQ07D0Pks
19853;Andalucía;Sevilla;37,3904153;-5,9912639;Al Cartuchito;;Sevilla;bar;hostelería;;;;;;;;;;https://photos.google.com/album/AF1QipPeTjEVM6iqX9eTYo84PXkbccPUirzMGqLjJsOG/photo/AF1QipN11GYMY-YBI7OKxpIc1BWR1Au9sQlQ-ov4akDX
16826;Valencia;Valencia;39,470892;-0,3830845;Aladino;;Valencia;restaurante;hostelería;;;;;;;;;;https://photos.google.com/album/AF1QipPeTjEVM6iqX9eTYo84PXkbccPUirzMGqLjJsOG/photo/AF1QipN4XbH6Z-B3fo4DHGTlUcDUA1u3aLWI2bQLsfj5
20951;Andalucía;Sevilla;37,396932;-5,9217397;Alameda;;Sevilla;cine;ocio;;;;;;;;;;https://photos.google.com/album/AF1QipPeTjEVM6iqX9eTYo84PXkbccPUirzMGqLjJsOG/photo/AF1QipOI7psj_d5ztV6mfQ_lMaY3u47yAN03HYU4xm2E
16277;País Vasco;Vizcaya;43,276716;-2,9226366;Alcoba;;Bilbao;cafe;hostelería;;;;;;;;;;https://photos.google.com/album/AF1QipPeTjEVM6iqX9eTYo84PXkbccPUirzMGqLjJsOG/photo/AF1QipOrIEBAA6MLvH3BpAtLopIzua3MyotXRQJ95ILe
15026;País Vasco;Vizcaya;43,2591308;-2,9370779;Alhondegi;;Bilbao;bar;hostelería;;;;;;;;;;https://photos.google.com/album/AF1QipPeTjEVM6iqX9eTYo84PXkbccPUirzMGqLjJsOG/photo/AF1QipPdz_eJs5loCwngtofgnCzZpFCI08RR-fjfDYgc
1;Cataluña;Barcelona;41,3836428;2,1583028;Amaltea;;Barcelona;restaurante;hostelería;;;;;;;;;;https://photos.google.com/album/AF1QipPeTjEVM6iqX9eTYo84PXkbccPUirzMGqLjJsOG/photo/AF1QipMF-2DO9x21yug5aMkfnIL8GxpY74WBPxUWwUZ-
16124;País Vasco;Vizcaya;43,3261731;-3,0075859;Anaiak;;Bilbao;pub;hostelería;;;;;;;;;;https://photos.google.com/album/AF1QipPeTjEVM6iqX9eTYo84PXkbccPUirzMGqLjJsOG/photo/AF1QipPdz_eJs5loCwngtofgnCzZpFCI08RR-fjfDYgc
12971;Madrid;Madrid;40,4167458;-3,7101814;Anticafé;Calle de la Unión 2;Madrid;cafe;hostelería;;;;;;;;;;https://photos.google.com/album/AF1QipPeTjEVM6iqX9eTYo84PXkbccPUirzMGqLjJsOG/photo/AF1QipMwE506czVoZaYhhBk0Vgcjv0ThpqkTT9OZrDmh
15038;País Vasco;Vizcaya;43,2623182;-2,8467671;Antomar;;Bilbao;bar;hostelería;;;;;;;;;;https://photos.google.com/album/AF1QipPeTjEVM6iqX9eTYo84PXkbccPUirzMGqLjJsOG/photo/AF1QipNoIUonEsnPcabR0PWoMekOU0GrU-4Ji6aN2qpe
12350;Madrid;Madrid;40,5034531;-3,8882587;Aperitoche;;Madrid;pub;hostelería;;;;;;;;;;https://photos.google.com/album/AF1QipPeTjEVM6iqX9eTYo84PXkbccPUirzMGqLjJsOG/photo/AF1QipPdz_eJs5loCwngtofgnCzZpFCI08RR-fjfDYgc
18871;Andalucía;Málaga;36,7230295;-4,4181857;Arte & Sana;;Málaga;bar;hostelería;;;;;;;;;;https://photos.google.com/album/AF1QipPeTjEVM6iqX9eTYo84PXkbccPUirzMGqLjJsOG/photo/AF1QipO9-zj1NVloHgXuHzLQF1kIFa0QEG7fhbpWmxnm
14365;País Vasco;Vizcaya;43,2627846;-2,9309044;Asia chic;Calle Ledesma / Ledesma kalea 30;Bilbao;restaurante;hostelería;;;;;;;;;;https://photos.google.com/album/AF1QipPeTjEVM6iqX9eTYo84PXkbccPUirzMGqLjJsOG/photo/AF1QipMfnJ4v7xZ7usmSlQegeDG-ZzF-HxSHIhyqYzyh
0;Cataluña;Barcelona;41,3816867;2,0766452;Ateneu de Sant Just Desvern;;Barcelona;restaurante;hostelería;;;;;;;;;;https://photos.google.com/album/AF1QipPeTjEVM6iqX9eTYo84PXkbccPUirzMGqLjJsOG/photo/AF1QipOvgregYOMPN4vjhaBLfS9d1V7F_kxwLXaNDWR_
5793;Cataluña;Barcelona;41,3704842;2,1232532;Auditori la Torrassa;Carrer de Santiago ApÃ²stol 40;Barcelona;teatro;ocio;;;;;;;;;;https://photos.google.com/album/AF1QipPeTjEVM6iqX9eTYo84PXkbccPUirzMGqLjJsOG/photo/AF1QipMs9-mQgXQ-IflaElpBrlfl-hRmrCvoXHWPnhAK
18496;Valencia;Valencia;39,4845064;-0,3491795;Auditori MolÃ­ de Vila;;Valencia;teatro;ocio;;;;;;;;;;https://photos.google.com/album/AF1QipPeTjEVM6iqX9eTYo84PXkbccPUirzMGqLjJsOG/photo/AF1QipNyquz-l9H8lH00XjWVxuE0dxo61NKlkpbHAaHL
19116;Andalucía;Málaga;36,691301;-4,4870626;Autocines Málaga;Carretera Azucarera-Intelhorce 9999;Málaga;cine;ocio;;;;;;;;;;https://photos.google.com/album/AF1QipPeTjEVM6iqX9eTYo84PXkbccPUirzMGqLjJsOG/photo/AF1QipMYgeDJ9iq1SgPABdqsniXB1k9KCftRZELwnR-S
15019;País Vasco;Vizcaya;43,352388;-3,0057446;Azkorri;;Bilbao;bar;hostelería;;;;;;;;;;https://photos.google.com/album/AF1QipPeTjEVM6iqX9eTYo84PXkbccPUirzMGqLjJsOG/photo/AF1QipO9-zj1NVloHgXuHzLQF1kIFa0QEG7fhbpWmxnm
16822;País Vasco;Vizcaya;43,2570118;-2,9282729;Badulake;Calle Hernani / Hernani kalea 10;Bilbao;teatro;ocio;;;;;;;;;;https://photos.google.com/album/AF1QipPeTjEVM6iqX9eTYo84PXkbccPUirzMGqLjJsOG/photo/AF1QipOCDwik2OrZIp6hBUWbrPTbk_7XKbVu1I0sQpm9
13018;Madrid;Madrid;40,4254;-3,7072729;Bake Bar;Calle de San Bernardo 58;Madrid;cafe;hostelería;;;;;;;;;;https://photos.google.com/album/AF1QipPeTjEVM6iqX9eTYo84PXkbccPUirzMGqLjJsOG/photo/AF1QipMwE506czVoZaYhhBk0Vgcjv0ThpqkTT9OZrDmh
16279;País Vasco;Vizcaya;43,2773654;-2,9592544;Banderas;;Bilbao;cafe;hostelería;;;;;;;;;;https://photos.google.com/album/AF1QipPeTjEVM6iqX9eTYo84PXkbccPUirzMGqLjJsOG/photo/AF1QipOrIEBAA6MLvH3BpAtLopIzua3MyotXRQJ95ILe
4513;Cataluña;Barcelona;41,3962323;2,1890864;Bar AlmogÃ¡vares;;Barcelona;cafe;hostelería;;;;;;;;;;https://photos.google.com/album/AF1QipPeTjEVM6iqX9eTYo84PXkbccPUirzMGqLjJsOG/photo/AF1QipO8LaNjUDMFBFhCfiUnyYpPxu6tRJPIq_ffVpWe
18200;Valencia;Valencia;39,4751587;-0,4626716;Bar Azahar;;Valencia;cafe;hostelería;;;;;;;;;;https://photos.google.com/album/AF1QipPeTjEVM6iqX9eTYo84PXkbccPUirzMGqLjJsOG/photo/AF1QipMfd0gFk-75r2dBVtex3F_1Lc-YXgoOs0PcgD1Q
10323;Madrid;Madrid;40,4130638;-3,7129344;Bar Barocco;;Madrid;bar;hostelería;;;;;;;;;;https://photos.google.com/album/AF1QipPeTjEVM6iqX9eTYo84PXkbccPUirzMGqLjJsOG/photo/AF1QipPdz_eJs5loCwngtofgnCzZpFCI08RR-fjfDYgc
3154;Cataluña;Barcelona;41,402675;2,1989594;Bar Burgales;Ramble de Poblenou 99;Barcelona;bar;hostelería;;;;;;;;;;https://photos.google.com/album/AF1QipPeTjEVM6iqX9eTYo84PXkbccPUirzMGqLjJsOG/photo/AF1QipPz1PsYp0NdYqLDbMJeR5mG4WTn7qPFQ07D0Pks
12167;Madrid;Madrid;40,4039506;-3,7014278;Bar Díaz;;Madrid;pub;hostelería;;;;;;;;;;https://photos.google.com/album/AF1QipPeTjEVM6iqX9eTYo84PXkbccPUirzMGqLjJsOG/photo/AF1QipOP25Sc0uDl2XxZP2wSOKroCgotPBGRX1h2-y81
20536;Andalucía;Sevilla;37,3931592;-6,0008792;Bar El Sendero;;Sevilla;pub;hostelería;;;;;;;;;;https://photos.google.com/album/AF1QipPeTjEVM6iqX9eTYo84PXkbccPUirzMGqLjJsOG/photo/AF1QipO1cdo7wTpMt09pC9D0cWo26sGcMdP_1bRK1tsS
17863;Valencia;Valencia;39,458865;-0,4626716;Bar Ideal;;Valencia;bar;hostelería;;;;;;;;;;https://photos.google.com/album/AF1QipPeTjEVM6iqX9eTYo84PXkbccPUirzMGqLjJsOG/photo/AF1QipO9-zj1NVloHgXuHzLQF1kIFa0QEG7fhbpWmxnm
18202;Valencia;Valencia;39,4743828;-0,3571791;Bar JesÃºs;;Valencia;cafe;hostelería;;;;;;;;;;https://photos.google.com/album/AF1QipPeTjEVM6iqX9eTYo84PXkbccPUirzMGqLjJsOG/photo/AF1QipOrIEBAA6MLvH3BpAtLopIzua3MyotXRQJ95ILe
17858;Valencia;Valencia;39,485786;-0,3997385;Bar Les Tendetes;;Valencia;bar;hostelería;;;;;;;;;;https://photos.google.com/album/AF1QipPeTjEVM6iqX9eTYo84PXkbccPUirzMGqLjJsOG/photo/AF1QipN11GYMY-YBI7OKxpIc1BWR1Au9sQlQ-ov4akDX
17857;Valencia;Valencia;39,4853697;-0,3818602;Bar Molino II;;Valencia;bar;hostelería;;;;;;;;;;https://photos.google.com/album/AF1QipPeTjEVM6iqX9eTYo84PXkbccPUirzMGqLjJsOG/photo/AF1QipPybbQRlSCVfNORaEkO3iiC6CW7NvUbuMslwiWk
4121;Cataluña;Barcelona;41,3932336;2,1884994;Bar Nuria;;Barcelona;pub;hostelería;;;;;;;;;;https://photos.google.com/album/AF1QipPeTjEVM6iqX9eTYo84PXkbccPUirzMGqLjJsOG/photo/AF1QipMYHv09IK73Xz513_hKb9XeQDYq7d8j1jpZdnJc
18874;Andalucía;Málaga;36,7236242;-4,4170343;Bar Picasso;Plaza de la Merced 19;Málaga;bar;hostelería;;;;;;;;;;https://photos.google.com/album/AF1QipPeTjEVM6iqX9eTYo84PXkbccPUirzMGqLjJsOG/photo/AF1QipPdz_eJs5loCwngtofgnCzZpFCI08RR-fjfDYgc
17861;Valencia;Valencia;39,4851744;-0,3830845;Bar Restaurante IvÃ¡n;;Valencia;bar;hostelería;;;;;;;;;;https://photos.google.com/album/AF1QipPeTjEVM6iqX9eTYo84PXkbccPUirzMGqLjJsOG/photo/AF1QipPz1PsYp0NdYqLDbMJeR5mG4WTn7qPFQ07D0Pks
20534;Andalucía;Sevilla;37,3932044;-6,0020184;Bar restaurante la Gallega;;Sevilla;pub;hostelería;;;;;;;;;;https://photos.google.com/album/AF1QipPeTjEVM6iqX9eTYo84PXkbccPUirzMGqLjJsOG/photo/AF1QipM_SZQMS9Xkzi64WFvzQbZJXLahYmQkMljPY3tq
18940;Andalucía;Málaga;36,7311305;-4,4492485;Bar Ricardo;;Málaga;pub;hostelería;;;;;;;;;;https://photos.google.com/album/AF1QipPeTjEVM6iqX9eTYo84PXkbccPUirzMGqLjJsOG/photo/AF1QipOP25Sc0uDl2XxZP2wSOKroCgotPBGRX1h2-y81
19848;Andalucía;Sevilla;37,3952626;-5,9913525;Bar San Juan de la Palma;;Sevilla;bar;hostelería;;;;;;;;;;https://photos.google.com/album/AF1QipPeTjEVM6iqX9eTYo84PXkbccPUirzMGqLjJsOG/photo/AF1QipNoIUonEsnPcabR0PWoMekOU0GrU-4Ji6aN2qpe
19131;Andalucía;Sevilla;37,3968705;-5,9967756;Bar San Lorenzo;;Sevilla;restaurante;hostelería;;;;;;;;;;https://photos.google.com/album/AF1QipPeTjEVM6iqX9eTYo84PXkbccPUirzMGqLjJsOG/photo/AF1QipP8X5wmzk1FRtU21uf84ZtcWTwbHf_UT7s_NyZX
16833;Valencia;Valencia;39,4483496;-0,3824244;Bar San LuÃ­s;;Valencia;restaurante;hostelería;;;;;;;;;;https://photos.google.com/album/AF1QipPeTjEVM6iqX9eTYo84PXkbccPUirzMGqLjJsOG/photo/AF1QipP_F2h7FuG1NuosUhmd2dIpZeWUGx89JiltAYhu
4521;Cataluña;Barcelona;41,3720275;2,1671353;Bar Seco;;Barcelona;cafe;hostelería;;;;;;;;;;https://photos.google.com/album/AF1QipPeTjEVM6iqX9eTYo84PXkbccPUirzMGqLjJsOG/photo/AF1QipOrIEBAA6MLvH3BpAtLopIzua3MyotXRQJ95ILe
6;Cataluña;Barcelona;41,3975532;2,1230797;Bar TomÃ¡s;;Barcelona;restaurante;hostelería;;;;;;;;;;https://photos.google.com/album/AF1QipPeTjEVM6iqX9eTYo84PXkbccPUirzMGqLjJsOG/photo/AF1QipO8LaNjUDMFBFhCfiUnyYpPxu6tRJPIq_ffVpWe
18190;Valencia;Valencia;39,4726864;-0,3830845;Bar Valencia;;Valencia;cafe;hostelería;;;;;;;;;;https://photos.google.com/album/AF1QipPeTjEVM6iqX9eTYo84PXkbccPUirzMGqLjJsOG/photo/AF1QipMwE506czVoZaYhhBk0Vgcjv0ThpqkTT9OZrDmh
18197;Valencia;Valencia;39,4723522;-0,4626716;Bar Victoria;;Valencia;cafe;hostelería;;;;;;;;;;https://photos.google.com/album/AF1QipPeTjEVM6iqX9eTYo84PXkbccPUirzMGqLjJsOG/photo/AF1QipOrIEBAA6MLvH3BpAtLopIzua3MyotXRQJ95ILe
18067;Valencia;Valencia;39,4458878;-0,3830845;Barrilito;;Valencia;pub;hostelería;;;;;;;;;;https://photos.google.com/album/AF1QipPeTjEVM6iqX9eTYo84PXkbccPUirzMGqLjJsOG/photo/AF1QipM_SZQMS9Xkzi64WFvzQbZJXLahYmQkMljPY3tq
16128;País Vasco;Vizcaya;43,2630054;-2,9311344;Basque;;Bilbao;pub;hostelería;;;;;;;;;;https://photos.google.com/album/AF1QipPeTjEVM6iqX9eTYo84PXkbccPUirzMGqLjJsOG/photo/AF1QipO1cdo7wTpMt09pC9D0cWo26sGcMdP_1bRK1tsS
18514;Andalucía;Málaga;36,720385;-4,4219753;Beluga;Plaza de Las Flores 3;Málaga;restaurante;hostelería;;;;;;;;;;https://photos.google.com/album/AF1QipPeTjEVM6iqX9eTYo84PXkbccPUirzMGqLjJsOG/photo/AF1QipO8LaNjUDMFBFhCfiUnyYpPxu6tRJPIq_ffVpWe
15055;País Vasco;Vizcaya;43,2488306;-2,9272094;Bil&Boss;;Bilbao;bar;hostelería;;;;;;;;;;https://photos.google.com/album/AF1QipPeTjEVM6iqX9eTYo84PXkbccPUirzMGqLjJsOG/photo/AF1QipPybbQRlSCVfNORaEkO3iiC6CW7NvUbuMslwiWk
16127;País Vasco;Vizcaya;43,2612043;-2,9256045;Bilbo beer;Calle Amistad / Adiskidetasun kalea 4;Bilbao;pub;hostelería;;;;;;;;;;https://photos.google.com/album/AF1QipPeTjEVM6iqX9eTYo84PXkbccPUirzMGqLjJsOG/photo/AF1QipMYHv09IK73Xz513_hKb9XeQDYq7d8j1jpZdnJc
5747;Cataluña;Barcelona;41,4377005;2,2229207;Blas Infante;carrer d'Andrés Segovia 43-45;Barcelona;teatro;ocio;;;;;;;;;;https://photos.google.com/album/AF1QipPeTjEVM6iqX9eTYo84PXkbccPUirzMGqLjJsOG/photo/AF1QipNyquz-l9H8lH00XjWVxuE0dxo61NKlkpbHAaHL
20676;Andalucía;Sevilla;37,392956;-5,9990458;Bodegon Alfonso XII;NO STREET 33;Sevilla;cafe;hostelería;;;;;;;;;;https://photos.google.com/album/AF1QipPeTjEVM6iqX9eTYo84PXkbccPUirzMGqLjJsOG/photo/AF1QipMaUHGpmOm0qVrH2W2Aa3PsClPUXrmNgzheUXL2
4515;Cataluña;Barcelona;41,3753906;2,1308538;Bracafe;;Barcelona;cafe;hostelería;;;;;;;;;;https://photos.google.com/album/AF1QipPeTjEVM6iqX9eTYo84PXkbccPUirzMGqLjJsOG/photo/AF1QipOrIEBAA6MLvH3BpAtLopIzua3MyotXRQJ95ILe
5803;Madrid;Madrid;40,4162327;-3,7088498;Brasa y LeÃ±a;Plaza del Comandante Las Morenas 3;Madrid;restaurante;hostelería;;;;;;;;;;https://photos.google.com/album/AF1QipPeTjEVM6iqX9eTYo84PXkbccPUirzMGqLjJsOG/photo/AF1QipPqVybvUQ5N8EBG7Q6ardNjPebV7oBC15TJ4i5x
18201;Valencia;Valencia;39,4747931;-0,3830845;Ca Revolta;;Valencia;cafe;hostelería;;;;;;;;;;https://photos.google.com/album/AF1QipPeTjEVM6iqX9eTYo84PXkbccPUirzMGqLjJsOG/photo/AF1QipMwE506czVoZaYhhBk0Vgcjv0ThpqkTT9OZrDmh
10322;Madrid;Madrid;40,4874732;-3,5861034;Cadillac Solitario;;Madrid;bar;hostelería;;;;;;;;;;https://photos.google.com/album/AF1QipPeTjEVM6iqX9eTYo84PXkbccPUirzMGqLjJsOG/photo/AF1QipNoIUonEsnPcabR0PWoMekOU0GrU-4Ji6aN2qpe
16273;País Vasco;Vizcaya;43,2625876;-2,9343305;Cafe & Te GR CompaÃ±ía del trópico;;Bilbao;cafe;hostelería;;;;;;;;;;https://photos.google.com/album/AF1QipPeTjEVM6iqX9eTYo84PXkbccPUirzMGqLjJsOG/photo/AF1QipMwE506czVoZaYhhBk0Vgcjv0ThpqkTT9OZrDmh
18198;Valencia;Valencia;39,4727638;-0,3818602;Café Bar Almansa;;Valencia;cafe;hostelería;;;;;;;;;;https://photos.google.com/album/AF1QipPeTjEVM6iqX9eTYo84PXkbccPUirzMGqLjJsOG/photo/AF1QipOrIEBAA6MLvH3BpAtLopIzua3MyotXRQJ95ILe
18872;Andalucía;Málaga;36,72382;-4,4173389;Café Bar Calle de Bruselas;Plaza de la Merced 17;Málaga;bar;hostelería;;;;;;;;;;https://photos.google.com/album/AF1QipPeTjEVM6iqX9eTYo84PXkbccPUirzMGqLjJsOG/photo/AF1QipN11GYMY-YBI7OKxpIc1BWR1Au9sQlQ-ov4akDX
19132;Andalucía;Sevilla;37,3969679;-5,9963185;Cafe Bar El Sardinero;;Sevilla;restaurante;hostelería;;;;;;;;;;https://photos.google.com/album/AF1QipPeTjEVM6iqX9eTYo84PXkbccPUirzMGqLjJsOG/photo/AF1QipPqVybvUQ5N8EBG7Q6ardNjPebV7oBC15TJ4i5x
20672;Andalucía;Sevilla;37,3976001;-5,9969473;Café bar La Banqueta;;Sevilla;cafe;hostelería;;;;;;;;;;https://photos.google.com/album/AF1QipPeTjEVM6iqX9eTYo84PXkbccPUirzMGqLjJsOG/photo/AF1QipOrIEBAA6MLvH3BpAtLopIzua3MyotXRQJ95ILe
18932;Andalucía;Málaga;36,7117997;-4,4421918;Café Bar La Giralda;Avenida José Ortega y Gasset 5-7;Málaga;pub;hostelería;;;;;;;;;;https://photos.google.com/album/AF1QipPeTjEVM6iqX9eTYo84PXkbccPUirzMGqLjJsOG/photo/AF1QipO1cdo7wTpMt09pC9D0cWo26sGcMdP_1bRK1tsS
20670;Andalucía;Sevilla;37,3882256;-5,9206068;Cafe Bar San Pablo;;Sevilla;cafe;hostelería;;;;;;;;;;https://photos.google.com/album/AF1QipPeTjEVM6iqX9eTYo84PXkbccPUirzMGqLjJsOG/photo/AF1QipO8LaNjUDMFBFhCfiUnyYpPxu6tRJPIq_ffVpWe
18966;Andalucía;Málaga;36,7211582;-4,4215087;Café Central;Plaza de la Constitución 11;Málaga;cafe;hostelería;;;;;;;;;;https://photos.google.com/album/AF1QipPeTjEVM6iqX9eTYo84PXkbccPUirzMGqLjJsOG/photo/AF1QipMaUHGpmOm0qVrH2W2Aa3PsClPUXrmNgzheUXL2
18199;Valencia;Valencia;39,4737971;-0,4626716;Café Clasic;;Valencia;cafe;hostelería;;;;;;;;;;https://photos.google.com/album/AF1QipPeTjEVM6iqX9eTYo84PXkbccPUirzMGqLjJsOG/photo/AF1QipMaUHGpmOm0qVrH2W2Aa3PsClPUXrmNgzheUXL2
5797;Madrid;Madrid;40,428732;-3,7020018;Café Comercial;Glorieta de Bilbao 7;Madrid;restaurante;hostelería;;;;;;;;;;https://photos.google.com/album/AF1QipPeTjEVM6iqX9eTYo84PXkbccPUirzMGqLjJsOG/photo/AF1QipN4XbH6Z-B3fo4DHGTlUcDUA1u3aLWI2bQLsfj5
18995;Andalucía;Málaga;36,7190077;-4,4249194;Café con Arte;Plaza de Arriola 1;Málaga;cafe;hostelería;;;;;;;;;;https://photos.google.com/album/AF1QipPeTjEVM6iqX9eTYo84PXkbccPUirzMGqLjJsOG/photo/AF1QipO8LaNjUDMFBFhCfiUnyYpPxu6tRJPIq_ffVpWe
18980;Andalucía;Málaga;36,7235855;-4,4015326;Cafe Con Libros;Plaza de la Merced 20;Málaga;cafe;hostelería;;;;;;;;;;https://photos.google.com/album/AF1QipPeTjEVM6iqX9eTYo84PXkbccPUirzMGqLjJsOG/photo/AF1QipOrIEBAA6MLvH3BpAtLopIzua3MyotXRQJ95ILe
20669;Andalucía;Sevilla;37,3828911;-5,9721654;Cafe de Indias;;Sevilla;cafe;hostelería;;;;;;;;;;https://photos.google.com/album/AF1QipPeTjEVM6iqX9eTYo84PXkbccPUirzMGqLjJsOG/photo/AF1QipMwE506czVoZaYhhBk0Vgcjv0ThpqkTT9OZrDmh
18970;Andalucía;Málaga;36,7190158;-4,4214069;Café Lepanto;Calle Marqués de Larios 7;Málaga;cafe;hostelería;;;;;;;;;;https://photos.google.com/album/AF1QipPeTjEVM6iqX9eTYo84PXkbccPUirzMGqLjJsOG/photo/AF1QipOrIEBAA6MLvH3BpAtLopIzua3MyotXRQJ95ILe
18998;Andalucía;Málaga;36,7219468;-4,4207047;Café Madrid;;Málaga;cafe;hostelería;;;;;;;;;;https://photos.google.com/album/AF1QipPeTjEVM6iqX9eTYo84PXkbccPUirzMGqLjJsOG/photo/AF1QipO8LaNjUDMFBFhCfiUnyYpPxu6tRJPIq_ffVpWe
12132;Madrid;Madrid;40,4097328;-3,7010866;Café Melo's;Calle del Ave María 44;Madrid;pub;hostelería;;;;;;;;;;https://photos.google.com/album/AF1QipPeTjEVM6iqX9eTYo84PXkbccPUirzMGqLjJsOG/photo/AF1QipMYHv09IK73Xz513_hKb9XeQDYq7d8j1jpZdnJc
18990;Andalucía;Málaga;36,6887762;-4,3590815;Café MoliÃ¨re;Calle Palma del RÃ­o 19;Málaga;cafe;hostelería;;;;;;;;;;https://photos.google.com/album/AF1QipPeTjEVM6iqX9eTYo84PXkbccPUirzMGqLjJsOG/photo/AF1QipMwE506czVoZaYhhBk0Vgcjv0ThpqkTT9OZrDmh
18196;Valencia;Valencia;39,4709675;-0,3818602;Café Santos;;Valencia;cafe;hostelería;;;;;;;;;;https://photos.google.com/album/AF1QipPeTjEVM6iqX9eTYo84PXkbccPUirzMGqLjJsOG/photo/AF1QipOrIEBAA6MLvH3BpAtLopIzua3MyotXRQJ95ILe
4514;Cataluña;Barcelona;41,3755248;2,1346488;Cafe Sants;;Barcelona;cafe;hostelería;;;;;;;;;;https://photos.google.com/album/AF1QipPeTjEVM6iqX9eTYo84PXkbccPUirzMGqLjJsOG/photo/AF1QipOrIEBAA6MLvH3BpAtLopIzua3MyotXRQJ95ILe
18191;Valencia;Valencia;39,4725895;-0,3571791;Cafés Valiente;;Valencia;cafe;hostelería;;;;;;;;;;https://photos.google.com/album/AF1QipPeTjEVM6iqX9eTYo84PXkbccPUirzMGqLjJsOG/photo/AF1QipMwE506czVoZaYhhBk0Vgcjv0ThpqkTT9OZrDmh
20677;Andalucía;Sevilla;37,3923366;-5,9903344;Cafetería Gaspump Garage;;Sevilla;cafe;hostelería;;;;;;;;;;https://photos.google.com/album/AF1QipPeTjEVM6iqX9eTYo84PXkbccPUirzMGqLjJsOG/photo/AF1QipMfd0gFk-75r2dBVtex3F_1Lc-YXgoOs0PcgD1Q
20732;Andalucía;Sevilla;37,3651169;-5,9787395;Cafetería IlundÃ¡in;;Sevilla;cafe;hostelería;;;;;;;;;;https://photos.google.com/album/AF1QipPeTjEVM6iqX9eTYo84PXkbccPUirzMGqLjJsOG/photo/AF1QipMwE506czVoZaYhhBk0Vgcjv0ThpqkTT9OZrDmh
19127;Andalucía;Sevilla;37,3630589;-5,9858491;Cafetería Metrópolis;;Sevilla;restaurante;hostelería;;;;;;;;;;https://photos.google.com/album/AF1QipPeTjEVM6iqX9eTYo84PXkbccPUirzMGqLjJsOG/photo/AF1QipOBcT23AFL6kOLk5jbLhk8fSnJzUASci25Wbrpq
18955;Andalucía;Málaga;36,7305574;-4,4248067;Cafetería Oasis;Calle Actriz Rosario Pino 4;Málaga;pub;hostelería;;;;;;;;;;https://photos.google.com/album/AF1QipPeTjEVM6iqX9eTYo84PXkbccPUirzMGqLjJsOG/photo/AF1QipPdz_eJs5loCwngtofgnCzZpFCI08RR-fjfDYgc
18969;Andalucía;Málaga;36,7184077;-4,4210516;Cafetería Plaza;;Málaga;cafe;hostelería;;;;;;;;;;https://photos.google.com/album/AF1QipPeTjEVM6iqX9eTYo84PXkbccPUirzMGqLjJsOG/photo/AF1QipOrIEBAA6MLvH3BpAtLopIzua3MyotXRQJ95ILe
19123;Andalucía;Sevilla;37,387228;-5,9218547;Cafetería Rui;;Sevilla;restaurante;hostelería;;;;;;;;;;https://photos.google.com/album/AF1QipPeTjEVM6iqX9eTYo84PXkbccPUirzMGqLjJsOG/photo/AF1QipN4XbH6Z-B3fo4DHGTlUcDUA1u3aLWI2bQLsfj5
20679;Andalucía;Sevilla;37,3820459;-5,9911137;Cafetería San Fernadno;;Sevilla;cafe;hostelería;;;;;;;;;;https://photos.google.com/album/AF1QipPeTjEVM6iqX9eTYo84PXkbccPUirzMGqLjJsOG/photo/AF1QipOrIEBAA6MLvH3BpAtLopIzua3MyotXRQJ95ILe
12131;Madrid;Madrid;40,4276032;-3,6963292;Cafetería Santander;;Madrid;pub;hostelería;;;;;;;;;;https://photos.google.com/album/AF1QipPeTjEVM6iqX9eTYo84PXkbccPUirzMGqLjJsOG/photo/AF1QipM_SZQMS9Xkzi64WFvzQbZJXLahYmQkMljPY3tq
18968;Andalucía;Málaga;36,6830024;-4,4707306;Caffe Pascucci Shop Malaga;;Málaga;cafe;hostelería;;;;;;;;;;https://photos.google.com/album/AF1QipPeTjEVM6iqX9eTYo84PXkbccPUirzMGqLjJsOG/photo/AF1QipMwE506czVoZaYhhBk0Vgcjv0ThpqkTT9OZrDmh
13;Cataluña;Barcelona;41,4021663;2,1623411;Cal Boter;;Barcelona;restaurante;hostelería;;;;;;;;;;https://photos.google.com/album/AF1QipPeTjEVM6iqX9eTYo84PXkbccPUirzMGqLjJsOG/photo/AF1QipPqVybvUQ5N8EBG7Q6ardNjPebV7oBC15TJ4i5x
3144;Cataluña;Barcelona;41,3857962;2,1748362;Cala del Vermouth;;Barcelona;bar;hostelería;;;;;;;;;;https://photos.google.com/album/AF1QipPeTjEVM6iqX9eTYo84PXkbccPUirzMGqLjJsOG/photo/AF1QipN11GYMY-YBI7OKxpIc1BWR1Au9sQlQ-ov4akDX
9;Cataluña;Barcelona;41,3817618;2,1834151;Can Paixano;Carrer de la Reina Cristina 7;Barcelona;restaurante;hostelería;;;;;;;;;;https://photos.google.com/album/AF1QipPeTjEVM6iqX9eTYo84PXkbccPUirzMGqLjJsOG/photo/AF1QipOy0Nj2pIGc5OO_AruFF-0DG21z4VuBO4zffkPn
20574;Andalucía;Sevilla;37,3889681;-5,9963162;Capitol;;Sevilla;pub;hostelería;;;;;;;;;;https://photos.google.com/album/AF1QipPeTjEVM6iqX9eTYo84PXkbccPUirzMGqLjJsOG/photo/AF1QipOP25Sc0uDl2XxZP2wSOKroCgotPBGRX1h2-y81
19371;Andalucía;Sevilla;37,376909;-5,9747744;Capitolio;Avenida Ramón y Cajal 32;Sevilla;restaurante;hostelería;;;;;;;;;;https://photos.google.com/album/AF1QipPeTjEVM6iqX9eTYo84PXkbccPUirzMGqLjJsOG/photo/AF1QipP8X5wmzk1FRtU21uf84ZtcWTwbHf_UT7s_NyZX
20964;Andalucía;Sevilla;37,3810586;-5,9735217;carmen del monte;;Sevilla;teatro;ocio;;;;;;;;;;https://photos.google.com/album/AF1QipPeTjEVM6iqX9eTYo84PXkbccPUirzMGqLjJsOG/photo/AF1QipMs9-mQgXQ-IflaElpBrlfl-hRmrCvoXHWPnhAK
18500;Valencia;Valencia;39,4832742;-0,3997385;Casa de Cultura;;Valencia;teatro;ocio;;;;;;;;;;https://photos.google.com/album/AF1QipPeTjEVM6iqX9eTYo84PXkbccPUirzMGqLjJsOG/photo/AF1QipP0WP79C3KxI7FxNkUpd9Gy4tlYNMP_ZdTcHv7m
16278;País Vasco;Vizcaya;43,2766021;-2,9585104;Casa del pueblo;;Bilbao;cafe;hostelería;;;;;;;;;;https://photos.google.com/album/AF1QipPeTjEVM6iqX9eTYo84PXkbccPUirzMGqLjJsOG/photo/AF1QipOrIEBAA6MLvH3BpAtLopIzua3MyotXRQJ95ILe
18899;Andalucía;Málaga;36,7220033;-4,4189788;Casa Lola;;Málaga;bar;hostelería;;;;;;;;;;https://photos.google.com/album/AF1QipPeTjEVM6iqX9eTYo84PXkbccPUirzMGqLjJsOG/photo/AF1QipN11GYMY-YBI7OKxpIc1BWR1Au9sQlQ-ov4akDX
16828;Valencia;Valencia;39,4519266;-0,3830845;Casa Manolo;;Valencia;restaurante;hostelería;;;;;;;;;;https://photos.google.com/album/AF1QipPeTjEVM6iqX9eTYo84PXkbccPUirzMGqLjJsOG/photo/AF1QipO5ATL94yIIREu5_64b5o_qp8_nThXh59Rf_QsB
14382;País Vasco;Vizcaya;43,3268089;-3,0125475;Casa Mao;;Bilbao;restaurante;hostelería;;;;;;;;;;https://photos.google.com/album/AF1QipPeTjEVM6iqX9eTYo84PXkbccPUirzMGqLjJsOG/photo/AF1QipN4XbH6Z-B3fo4DHGTlUcDUA1u3aLWI2bQLsfj5
20673;Andalucía;Sevilla;37,3978463;-5,9210132;Casa Paco;;Sevilla;cafe;hostelería;;;;;;;;;;https://photos.google.com/album/AF1QipPeTjEVM6iqX9eTYo84PXkbccPUirzMGqLjJsOG/photo/AF1QipOrIEBAA6MLvH3BpAtLopIzua3MyotXRQJ95ILe
16829;Valencia;Valencia;39,4508285;-0,3491795;Casa Tere;;Valencia;restaurante;hostelería;;;;;;;;;;https://photos.google.com/album/AF1QipPeTjEVM6iqX9eTYo84PXkbccPUirzMGqLjJsOG/photo/AF1QipO8LaNjUDMFBFhCfiUnyYpPxu6tRJPIq_ffVpWe
116;Cataluña;Barcelona;41,4074238;2,1585521;Casa Vall;PlaÃ§a de Rovira i Trias 2;Barcelona;restaurante;hostelería;;;;;;;;;;https://photos.google.com/album/AF1QipPeTjEVM6iqX9eTYo84PXkbccPUirzMGqLjJsOG/photo/AF1QipO5ATL94yIIREu5_64b5o_qp8_nThXh59Rf_QsB
18873;Andalucía;Málaga;36,7237601;-4,4025489;Celtic Druids;Plaza de la Merced 18;Málaga;bar;hostelería;;;;;;;;;;https://photos.google.com/album/AF1QipPeTjEVM6iqX9eTYo84PXkbccPUirzMGqLjJsOG/photo/AF1QipNBDbrtwgIupthI0NWbnjbZadE1cWGTbOvY6FsP
18487;Valencia;Valencia;39,5451658;-0,3997385;Centro Cultural Blasco IbÃ¡Ã±ez;;Valencia;cine;ocio;;;;;;;;;;https://photos.google.com/album/AF1QipPeTjEVM6iqX9eTYo84PXkbccPUirzMGqLjJsOG/photo/AF1QipOI7psj_d5ztV6mfQ_lMaY3u47yAN03HYU4xm2E
18498;Valencia;Valencia;39,4737737;-0,3824244;Centro Cultural de Mislata;;Valencia;teatro;ocio;;;;;;;;;;https://photos.google.com/album/AF1QipPeTjEVM6iqX9eTYo84PXkbccPUirzMGqLjJsOG/photo/AF1QipOH-MZVMtrw2GYNbkWA2dPCFl7LTFqf06REMg8n
18499;Valencia;Valencia;39,4349317;-0,4626716;Centro Cultural Municipal;;Valencia;teatro;ocio;;;;;;;;;;https://photos.google.com/album/AF1QipPeTjEVM6iqX9eTYo84PXkbccPUirzMGqLjJsOG/photo/AF1QipOkwW0WJwuH22aT6Y6_ocr1MS5PT5EJc46_DIPh
19121;Andalucía;Málaga;36,7208425;-4,4247052;Centro de Arte Flamenco Kelipé;Calle Muro de Puerta Nueva 10;Málaga;teatro;ocio;;;;;;;;;;https://photos.google.com/album/AF1QipPeTjEVM6iqX9eTYo84PXkbccPUirzMGqLjJsOG/photo/AF1QipN-HRa64amn7bhn9SRWxn5pTwUWHAY-HaTss2DU
20674;Andalucía;Sevilla;37,3859119;-5,9866772;Cerveceria Mezquita;Calle Santa María la Blanca 19;Sevilla;cafe;hostelería;;;;;;;;;;https://photos.google.com/album/AF1QipPeTjEVM6iqX9eTYo84PXkbccPUirzMGqLjJsOG/photo/AF1QipOrIEBAA6MLvH3BpAtLopIzua3MyotXRQJ95ILe
16126;País Vasco;Vizcaya;43,26511;-2,9437959;Cervecería Mugarri;;Bilbao;pub;hostelería;;;;;;;;;;https://photos.google.com/album/AF1QipPeTjEVM6iqX9eTYo84PXkbccPUirzMGqLjJsOG/photo/AF1QipM_SZQMS9Xkzi64WFvzQbZJXLahYmQkMljPY3tq
18195;Valencia;Valencia;39,4711826;-0,3997385;Cervecería Velluters;;Valencia;cafe;hostelería;;;;;;;;;;https://photos.google.com/album/AF1QipPeTjEVM6iqX9eTYo84PXkbccPUirzMGqLjJsOG/photo/AF1QipOrIEBAA6MLvH3BpAtLopIzua3MyotXRQJ95ILe
14344;País Vasco;Vizcaya;43,2588525;-2,9364729;Cevichef;Alameda Recalde / Recalde zumarkalea 53;Bilbao;restaurante;hostelería;;;;;;;;;;https://photos.google.com/album/AF1QipPeTjEVM6iqX9eTYo84PXkbccPUirzMGqLjJsOG/photo/AF1QipO8LaNjUDMFBFhCfiUnyYpPxu6tRJPIq_ffVpWe
16832;Valencia;Valencia;39,4513061;-0,4626716;Chino Nuevo Siglo;;Valencia;restaurante;hostelería;;;;;;;;;;https://photos.google.com/album/AF1QipPeTjEVM6iqX9eTYo84PXkbccPUirzMGqLjJsOG/photo/AF1QipOy0Nj2pIGc5OO_AruFF-0DG21z4VuBO4zffkPn
3145;Cataluña;Barcelona;41,4304051;2,1744018;Chiribito;Passeig Fabra i Puig 266;Barcelona;bar;hostelería;;;;;;;;;;https://photos.google.com/album/AF1QipPeTjEVM6iqX9eTYo84PXkbccPUirzMGqLjJsOG/photo/AF1QipNoIUonEsnPcabR0PWoMekOU0GrU-4Ji6aN2qpe
12976;Madrid;Madrid;40,4167707;-3,4608224;Chocolatería San Ginés;Pasadizo de San Ginés 5;Madrid;cafe;hostelería;;;;;;;;;;https://photos.google.com/album/AF1QipPeTjEVM6iqX9eTYo84PXkbccPUirzMGqLjJsOG/photo/AF1QipOrIEBAA6MLvH3BpAtLopIzua3MyotXRQJ95ILe
20950;Andalucía;Sevilla;37,3955971;-5,9945452;Cine Cervantes;;Sevilla;cine;ocio;;;;;;;;;;https://photos.google.com/album/AF1QipPeTjEVM6iqX9eTYo84PXkbccPUirzMGqLjJsOG/photo/AF1QipOI7psj_d5ztV6mfQ_lMaY3u47yAN03HYU4xm2E
18488;Valencia;Valencia;39,4570005;-0,3818602;Cine Oscar Ocine Aqua;;Valencia;cine;ocio;;;;;;;;;;https://photos.google.com/album/AF1QipPeTjEVM6iqX9eTYo84PXkbccPUirzMGqLjJsOG/photo/AF1QipOI7psj_d5ztV6mfQ_lMaY3u47yAN03HYU4xm2E
20949;Andalucía;Sevilla;37,3923581;-6,0018093;Cines Avenida;Calle Marqués de Paradas 15;Sevilla;cine;ocio;;;;;;;;;;https://photos.google.com/album/AF1QipPeTjEVM6iqX9eTYo84PXkbccPUirzMGqLjJsOG/photo/AF1QipMYgeDJ9iq1SgPABdqsniXB1k9KCftRZELwnR-S
18485;Valencia;Valencia;39,4696945;-0,3491795;Cines Babel;Carrer de Vicent Sancho Tello 10;Valencia;cine;ocio;;;;;;;;;;https://photos.google.com/album/AF1QipPeTjEVM6iqX9eTYo84PXkbccPUirzMGqLjJsOG/photo/AF1QipMr5M-FZIvAdGVmeG-hPpvy_TFte1DVmnqvxaxt
14218;Madrid;Madrid;40,5058052;-3,6361022;Cines La Dehesa;;Madrid;cine;ocio;;;;;;;;;;https://photos.google.com/album/AF1QipPeTjEVM6iqX9eTYo84PXkbccPUirzMGqLjJsOG/photo/AF1QipMr5M-FZIvAdGVmeG-hPpvy_TFte1DVmnqvxaxt
5722;Cataluña;Barcelona;41,4040146;2,1568811;Cines Verdi Barcelona;Carrer de Verdi 32;Barcelona;cine;ocio;;;;;;;;;;https://photos.google.com/album/AF1QipPeTjEVM6iqX9eTYo84PXkbccPUirzMGqLjJsOG/photo/AF1QipOI7psj_d5ztV6mfQ_lMaY3u47yAN03HYU4xm2E
16815;País Vasco;Vizcaya;43,3408796;-2,9906333;Cines Yelmo Artea;;Bilbao;cine;ocio;;;;;;;;;;https://photos.google.com/album/AF1QipPeTjEVM6iqX9eTYo84PXkbccPUirzMGqLjJsOG/photo/AF1QipMYgeDJ9iq1SgPABdqsniXB1k9KCftRZELwnR-S
5724;Cataluña;Barcelona;41,4354074;2,1805915;CINESA Porta;;Barcelona;cine;ocio;;;;;;;;;;https://photos.google.com/album/AF1QipPeTjEVM6iqX9eTYo84PXkbccPUirzMGqLjJsOG/photo/AF1QipOI7psj_d5ztV6mfQ_lMaY3u47yAN03HYU4xm2E
19113;Andalucía;Málaga;36,6850666;-4,3781657;CineSur;Calle Jaén 1;Málaga;cine;ocio;;;;;;;;;;https://photos.google.com/album/AF1QipPeTjEVM6iqX9eTYo84PXkbccPUirzMGqLjJsOG/photo/AF1QipMr5M-FZIvAdGVmeG-hPpvy_TFte1DVmnqvxaxt
20948;Andalucía;Sevilla;37,3839734;-5,9725307;Cinesur Nervión Plaza 3D;;Sevilla;cine;ocio;;;;;;;;;;https://photos.google.com/album/AF1QipPeTjEVM6iqX9eTYo84PXkbccPUirzMGqLjJsOG/photo/AF1QipMr5M-FZIvAdGVmeG-hPpvy_TFte1DVmnqvxaxt
5751;Cataluña;Barcelona;41,3849977;2,1707085;Club Capitol;;Barcelona;teatro;ocio;;;;;;;;;;https://photos.google.com/album/AF1QipPeTjEVM6iqX9eTYo84PXkbccPUirzMGqLjJsOG/photo/AF1QipOkwW0WJwuH22aT6Y6_ocr1MS5PT5EJc46_DIPh
19118;Andalucía;Málaga;36,7359502;-4,4229388;Colectivo Cultural Maynake;Calle San Juan Bosco 79;Málaga;teatro;ocio;;;;;;;;;;https://photos.google.com/album/AF1QipPeTjEVM6iqX9eTYo84PXkbccPUirzMGqLjJsOG/photo/AF1QipMs9-mQgXQ-IflaElpBrlfl-hRmrCvoXHWPnhAK
16814;País Vasco;Vizcaya;43,287278;-3,0072946;Coliseo Max Ocio;;Bilbao;cine;ocio;;;;;;;;;;https://photos.google.com/album/AF1QipPeTjEVM6iqX9eTYo84PXkbccPUirzMGqLjJsOG/photo/AF1QipMr5M-FZIvAdGVmeG-hPpvy_TFte1DVmnqvxaxt
12972;Madrid;Madrid;40,4463777;-3,7149013;Condemar;;Madrid;cafe;hostelería;;;;;;;;;;https://photos.google.com/album/AF1QipPeTjEVM6iqX9eTYo84PXkbccPUirzMGqLjJsOG/photo/AF1QipO8LaNjUDMFBFhCfiUnyYpPxu6tRJPIq_ffVpWe
4120;Cataluña;Barcelona;41,4281914;2,1757408;Cotxeres;;Barcelona;pub;hostelería;;;;;;;;;;https://photos.google.com/album/AF1QipPeTjEVM6iqX9eTYo84PXkbccPUirzMGqLjJsOG/photo/AF1QipM_SZQMS9Xkzi64WFvzQbZJXLahYmQkMljPY3tq
18065;Valencia;Valencia;39,4753579;-0,3571791;Cubanito Lounge;;Valencia;pub;hostelería;;;;;;;;;;https://photos.google.com/album/AF1QipPeTjEVM6iqX9eTYo84PXkbccPUirzMGqLjJsOG/photo/AF1QipPdz_eJs5loCwngtofgnCzZpFCI08RR-fjfDYgc
14350;País Vasco;Vizcaya;43,3592236;-3,0189795;Cubita;;Bilbao;restaurante;hostelería;;;;;;;;;;https://photos.google.com/album/AF1QipPeTjEVM6iqX9eTYo84PXkbccPUirzMGqLjJsOG/photo/AF1QipPqVybvUQ5N8EBG7Q6ardNjPebV7oBC15TJ4i5x
5800;Madrid;Madrid;40,42514;-3,7118533;Delhi;Calle del Duque de Osuna 6;Madrid;restaurante;hostelería;;;;;;;;;;https://photos.google.com/album/AF1QipPeTjEVM6iqX9eTYo84PXkbccPUirzMGqLjJsOG/photo/AF1QipO8LaNjUDMFBFhCfiUnyYpPxu6tRJPIq_ffVpWe
3151;Cataluña;Barcelona;41,3770927;2,1369201;Disco Bar Joe's;;Barcelona;bar;hostelería;;;;;;;;;;https://photos.google.com/album/AF1QipPeTjEVM6iqX9eTYo84PXkbccPUirzMGqLjJsOG/photo/AF1QipNBDbrtwgIupthI0NWbnjbZadE1cWGTbOvY6FsP
19130;Andalucía;Sevilla;37,3854176;-5,9729113;Domino's Pizza;;Sevilla;restaurante;hostelería;;;;;;;;;;https://photos.google.com/album/AF1QipPeTjEVM6iqX9eTYo84PXkbccPUirzMGqLjJsOG/photo/AF1QipP_F2h7FuG1NuosUhmd2dIpZeWUGx89JiltAYhu
135;Cataluña;Barcelona;41,3819896;2,1696228;Dos Trece;Carrer del Carme 40;Barcelona;restaurante;hostelería;;;;;;;;;;https://photos.google.com/album/AF1QipPeTjEVM6iqX9eTYo84PXkbccPUirzMGqLjJsOG/photo/AF1QipN5ykYrD9ZfkKDSCVJLq0imRFGxe_9ORTd8Nmj_
10354;Madrid;Madrid;40,4696893;-3,5861034;Egunon;;Madrid;bar;hostelería;;;;;;;;;;https://photos.google.com/album/AF1QipPeTjEVM6iqX9eTYo84PXkbccPUirzMGqLjJsOG/photo/AF1QipPdz_eJs5loCwngtofgnCzZpFCI08RR-fjfDYgc
4119;Cataluña;Barcelona;41,4523112;2,2083833;El 9 Carrer;Carrer de Josep Anselm Clave 1;Barcelona;pub;hostelería;;;;;;;;;;https://photos.google.com/album/AF1QipPeTjEVM6iqX9eTYo84PXkbccPUirzMGqLjJsOG/photo/AF1QipNoIUonEsnPcabR0PWoMekOU0GrU-4Ji6aN2qpe
18513;Andalucía;Málaga;36,7241869;-4,4211525;El Apartamento;Calle Carretería 92;Málaga;restaurante;hostelería;;;;;;;;;;https://photos.google.com/album/AF1QipPeTjEVM6iqX9eTYo84PXkbccPUirzMGqLjJsOG/photo/AF1QipO5ATL94yIIREu5_64b5o_qp8_nThXh59Rf_QsB
4520;Cataluña;Barcelona;41,3781031;2,1705853;El cafÃ¨ de les delÃ­cies;;Barcelona;cafe;hostelería;;;;;;;;;;https://photos.google.com/album/AF1QipPeTjEVM6iqX9eTYo84PXkbccPUirzMGqLjJsOG/photo/AF1QipMwE506czVoZaYhhBk0Vgcjv0ThpqkTT9OZrDmh
18876;Andalucía;Málaga;36,7234096;-4,4167239;El Carmen;Plaza de la Merced 22;Málaga;bar;hostelería;;;;;;;;;;https://photos.google.com/album/AF1QipPeTjEVM6iqX9eTYo84PXkbccPUirzMGqLjJsOG/photo/AF1QipPybbQRlSCVfNORaEkO3iiC6CW7NvUbuMslwiWk
12981;Madrid;Madrid;40,4107804;-3,6994987;El Despertar;;Madrid;cafe;hostelería;;;;;;;;;;https://photos.google.com/album/AF1QipPeTjEVM6iqX9eTYo84PXkbccPUirzMGqLjJsOG/photo/AF1QipOrIEBAA6MLvH3BpAtLopIzua3MyotXRQJ95ILe
10329;Madrid;Madrid;40,413178;-3,6957012;El Diario;Calle de las Huertas 69;Madrid;bar;hostelería;;;;;;;;;;https://photos.google.com/album/AF1QipPeTjEVM6iqX9eTYo84PXkbccPUirzMGqLjJsOG/photo/AF1QipPybbQRlSCVfNORaEkO3iiC6CW7NvUbuMslwiWk
16835;Valencia;Valencia;39,4849007;-0,3571791;El Famós;CamÃ­ de L'esglesia de Vera 14;Valencia;restaurante;hostelería;;;;;;;;;;https://photos.google.com/album/AF1QipPeTjEVM6iqX9eTYo84PXkbccPUirzMGqLjJsOG/photo/AF1QipPqVybvUQ5N8EBG7Q6ardNjPebV7oBC15TJ4i5x
5;Cataluña;Barcelona;41,3942273;0,2109899;El JardÃ­ de l'Abadessa;;Barcelona;restaurante;hostelería;;;;;;;;;;https://photos.google.com/album/AF1QipPeTjEVM6iqX9eTYo84PXkbccPUirzMGqLjJsOG/photo/AF1QipO5ATL94yIIREu5_64b5o_qp8_nThXh59Rf_QsB
5753;Cataluña;Barcelona;41,3745513;2,1672449;El Molino;;Barcelona;teatro;ocio;;;;;;;;;;https://photos.google.com/album/AF1QipPeTjEVM6iqX9eTYo84PXkbccPUirzMGqLjJsOG/photo/AF1QipP9jtL_i5m9vGvGa65C1tYg21f2nAVazJSbtZHE
18978;Andalucía;Málaga;36,7208794;-4,4763865;El pequeÃ±o Buda - Tetería;Calle AntÃ­gona 8;Málaga;cafe;hostelería;;;;;;;;;;https://photos.google.com/album/AF1QipPeTjEVM6iqX9eTYo84PXkbccPUirzMGqLjJsOG/photo/AF1QipOrIEBAA6MLvH3BpAtLopIzua3MyotXRQJ95ILe
4518;Cataluña;Barcelona;41,3770183;2,1352388;El Racó de la Xemenea;Carrer del Miracle 50-52;Barcelona;cafe;hostelería;;;;;;;;;;https://photos.google.com/album/AF1QipPeTjEVM6iqX9eTYo84PXkbccPUirzMGqLjJsOG/photo/AF1QipMaUHGpmOm0qVrH2W2Aa3PsClPUXrmNgzheUXL2
17867;Valencia;Valencia;39,4596202;-0,3824244;El Rincón de Jose IV;;Valencia;bar;hostelería;;;;;;;;;;https://photos.google.com/album/AF1QipPeTjEVM6iqX9eTYo84PXkbccPUirzMGqLjJsOG/photo/AF1QipPz1PsYp0NdYqLDbMJeR5mG4WTn7qPFQ07D0Pks
18920;Andalucía;Málaga;36,7298708;-4,4107136;El Tranvía;Calle Sierra de Grazalema 18;Málaga;bar;hostelería;;;;;;;;;;https://photos.google.com/album/AF1QipPeTjEVM6iqX9eTYo84PXkbccPUirzMGqLjJsOG/photo/AF1QipPdz_eJs5loCwngtofgnCzZpFCI08RR-fjfDYgc
18516;Andalucía;Málaga;36,7221131;-4,3781657;El Vegetariano de Alcazabilla;Calle Pozo del Rey 5;Málaga;restaurante;hostelería;;;;;;;;;;https://photos.google.com/album/AF1QipPeTjEVM6iqX9eTYo84PXkbccPUirzMGqLjJsOG/photo/AF1QipOvgregYOMPN4vjhaBLfS9d1V7F_kxwLXaNDWR_
5804;Madrid;Madrid;40,4116272;-3,7102277;El Viajero;Plaza de la Cebada 11;Madrid;restaurante;hostelería;;;;;;;;;;https://photos.google.com/album/AF1QipPeTjEVM6iqX9eTYo84PXkbccPUirzMGqLjJsOG/photo/AF1QipOy0Nj2pIGc5OO_AruFF-0DG21z4VuBO4zffkPn
15020;País Vasco;Vizcaya;43,3492224;-3,0103377;Eneko;;Bilbao;bar;hostelería;;;;;;;;;;https://photos.google.com/album/AF1QipPeTjEVM6iqX9eTYo84PXkbccPUirzMGqLjJsOG/photo/AF1QipN11GYMY-YBI7OKxpIc1BWR1Au9sQlQ-ov4akDX
19845;Andalucía;Sevilla;37,3975489;-5,9969243;Eslava;Calle Eslava 3;Sevilla;bar;hostelería;;;;;;;;;;https://photos.google.com/album/AF1QipPeTjEVM6iqX9eTYo84PXkbccPUirzMGqLjJsOG/photo/AF1QipPdz_eJs5loCwngtofgnCzZpFCI08RR-fjfDYgc
20675;Andalucía;Sevilla;37,3857733;-5,9218547;Esquinte de Arfe;;Sevilla;cafe;hostelería;;;;;;;;;;https://photos.google.com/album/AF1QipPeTjEVM6iqX9eTYo84PXkbccPUirzMGqLjJsOG/photo/AF1QipOrIEBAA6MLvH3BpAtLopIzua3MyotXRQJ95ILe
16276;País Vasco;Vizcaya;43,2765073;-2,9587538;Eureka;;Bilbao;cafe;hostelería;;;;;;;;;;https://photos.google.com/album/AF1QipPeTjEVM6iqX9eTYo84PXkbccPUirzMGqLjJsOG/photo/AF1QipO8LaNjUDMFBFhCfiUnyYpPxu6tRJPIq_ffVpWe
19847;Andalucía;Sevilla;37,390422;-5,9920791;Europa;;Sevilla;bar;hostelería;;;;;;;;;;https://photos.google.com/album/AF1QipPeTjEVM6iqX9eTYo84PXkbccPUirzMGqLjJsOG/photo/AF1QipN11GYMY-YBI7OKxpIc1BWR1Au9sQlQ-ov4akDX
15032;País Vasco;Vizcaya;43,2403524;-2,9226366;Ferrobarril;;Bilbao;bar;hostelería;;;;;;;;;;https://photos.google.com/album/AF1QipPeTjEVM6iqX9eTYo84PXkbccPUirzMGqLjJsOG/photo/AF1QipN11GYMY-YBI7OKxpIc1BWR1Au9sQlQ-ov4akDX
10326;Madrid;Madrid;40,4124453;-3,6961583;Fever;;Madrid;bar;hostelería;;;;;;;;;;https://photos.google.com/album/AF1QipPeTjEVM6iqX9eTYo84PXkbccPUirzMGqLjJsOG/photo/AF1QipO9-zj1NVloHgXuHzLQF1kIFa0QEG7fhbpWmxnm
16827;Valencia;Valencia;39,477108;-0,3632784;Foster's Hollywood;;Valencia;restaurante;hostelería;;;;;;;;;;https://photos.google.com/album/AF1QipPeTjEVM6iqX9eTYo84PXkbccPUirzMGqLjJsOG/photo/AF1QipN5ykYrD9ZfkKDSCVJLq0imRFGxe_9ORTd8Nmj_
18512;Andalucía;Málaga;36,6658659;-4,4646231;Frascati;Calle Rogelio Oliva 29;Málaga;restaurante;hostelería;;;;;;;;;;https://photos.google.com/album/AF1QipPeTjEVM6iqX9eTYo84PXkbccPUirzMGqLjJsOG/photo/AF1QipN5ykYrD9ZfkKDSCVJLq0imRFGxe_9ORTd8Nmj_
3285;Cataluña;Barcelona;41,3773354;2,1670705;Freedonia;;Barcelona;bar;hostelería;;;;;;;;;;https://photos.google.com/album/AF1QipPeTjEVM6iqX9eTYo84PXkbccPUirzMGqLjJsOG/photo/AF1QipPdz_eJs5loCwngtofgnCzZpFCI08RR-fjfDYgc
14359;País Vasco;Vizcaya;43,2613197;-2,9254049;Gandhi;Calle Amistad / Adiskidetasun kalea 6;Bilbao;restaurante;hostelería;;;;;;;;;;https://photos.google.com/album/AF1QipPeTjEVM6iqX9eTYo84PXkbccPUirzMGqLjJsOG/photo/AF1QipN5ykYrD9ZfkKDSCVJLq0imRFGxe_9ORTd8Nmj_
16274;País Vasco;Vizcaya;43,3313924;-2,9254049;Garai;;Bilbao;cafe;hostelería;;;;;;;;;;https://photos.google.com/album/AF1QipPeTjEVM6iqX9eTYo84PXkbccPUirzMGqLjJsOG/photo/AF1QipMwE506czVoZaYhhBk0Vgcjv0ThpqkTT9OZrDmh
15022;País Vasco;Vizcaya;43,3492723;-2,9256045;Getxo;;Bilbao;bar;hostelería;;;;;;;;;;https://photos.google.com/album/AF1QipPeTjEVM6iqX9eTYo84PXkbccPUirzMGqLjJsOG/photo/AF1QipPdz_eJs5loCwngtofgnCzZpFCI08RR-fjfDYgc
17856;Valencia;Valencia;39,4748253;-0,3818602;Gilda;;Valencia;bar;hostelería;;;;;;;;;;https://photos.google.com/album/AF1QipPeTjEVM6iqX9eTYo84PXkbccPUirzMGqLjJsOG/photo/AF1QipPdz_eJs5loCwngtofgnCzZpFCI08RR-fjfDYgc
18905;Andalucía;Málaga;36,7189592;-4,4167239;Gin Tonic;;Málaga;bar;hostelería;;;;;;;;;;https://photos.google.com/album/AF1QipPeTjEVM6iqX9eTYo84PXkbccPUirzMGqLjJsOG/photo/AF1QipNoIUonEsnPcabR0PWoMekOU0GrU-4Ji6aN2qpe
20533;Andalucía;Sevilla;37,3928789;-6,0019619;Gloria Bendita;;Sevilla;pub;hostelería;;;;;;;;;;https://photos.google.com/album/AF1QipPeTjEVM6iqX9eTYo84PXkbccPUirzMGqLjJsOG/photo/AF1QipNoIUonEsnPcabR0PWoMekOU0GrU-4Ji6aN2qpe
16125;País Vasco;Vizcaya;43,3291994;-3,0075841;Gobela;;Bilbao;pub;hostelería;;;;;;;;;;https://photos.google.com/album/AF1QipPeTjEVM6iqX9eTYo84PXkbccPUirzMGqLjJsOG/photo/AF1QipNoIUonEsnPcabR0PWoMekOU0GrU-4Ji6aN2qpe
14349;País Vasco;Vizcaya;43,3507493;-3,0037514;Golden Horse;Villaondoeta kalea 14;Bilbao;restaurante;hostelería;;;;;;;;;;https://photos.google.com/album/AF1QipPeTjEVM6iqX9eTYo84PXkbccPUirzMGqLjJsOG/photo/AF1QipP8X5wmzk1FRtU21uf84ZtcWTwbHf_UT7s_NyZX
16817;País Vasco;Vizcaya;43,2595971;-2,9371724;Golem Alhóndiga;;Bilbao;cine;ocio;;;;;;;;;;https://photos.google.com/album/AF1QipPeTjEVM6iqX9eTYo84PXkbccPUirzMGqLjJsOG/photo/AF1QipOI7psj_d5ztV6mfQ_lMaY3u47yAN03HYU4xm2E
4251;Cataluña;Barcelona;41,4348618;2,2179712;Granja RomanÃ­;;Barcelona;pub;hostelería;;;;;;;;;;https://photos.google.com/album/AF1QipPeTjEVM6iqX9eTYo84PXkbccPUirzMGqLjJsOG/photo/AF1QipOP25Sc0uDl2XxZP2wSOKroCgotPBGRX1h2-y81
18949;Andalucía;Málaga;36,723189;-4,4190995;Green Iguana Bar;Calle Ramón Franquelo 8;Málaga;pub;hostelería;;;;;;;;;;https://photos.google.com/album/AF1QipPeTjEVM6iqX9eTYo84PXkbccPUirzMGqLjJsOG/photo/AF1QipM_SZQMS9Xkzi64WFvzQbZJXLahYmQkMljPY3tq
2;Cataluña;Barcelona;41,3895184;2,1621769;Hanibishi;;Barcelona;restaurante;hostelería;;;;;;;;;;https://photos.google.com/album/AF1QipPeTjEVM6iqX9eTYo84PXkbccPUirzMGqLjJsOG/photo/AF1QipMfnJ4v7xZ7usmSlQegeDG-ZzF-HxSHIhyqYzyh
16272;País Vasco;Vizcaya;43,2546807;-2,9223182;Hikaateneo Bilbao;;Bilbao;cafe;hostelería;;;;;;;;;;https://photos.google.com/album/AF1QipPeTjEVM6iqX9eTYo84PXkbccPUirzMGqLjJsOG/photo/AF1QipMwE506czVoZaYhhBk0Vgcjv0ThpqkTT9OZrDmh
20725;Andalucía;Sevilla;37,3832345;-5,9871066;Horno San Bernardo;Avda. Menéndez y Pelayo 9999;Sevilla;cafe;hostelería;;;;;;;;;;https://photos.google.com/album/AF1QipPeTjEVM6iqX9eTYo84PXkbccPUirzMGqLjJsOG/photo/AF1QipMwE506czVoZaYhhBk0Vgcjv0ThpqkTT9OZrDmh
4516;Cataluña;Barcelona;41,375545;2,1344972;HotDoks;;Barcelona;cafe;hostelería;;;;;;;;;;https://photos.google.com/album/AF1QipPeTjEVM6iqX9eTYo84PXkbccPUirzMGqLjJsOG/photo/AF1QipOrIEBAA6MLvH3BpAtLopIzua3MyotXRQJ95ILe
4128;Cataluña;Barcelona;41,3865807;2,1836862;Incognito Bar;Carrer Fusina 6;Barcelona;pub;hostelería;;;;;;;;;;https://photos.google.com/album/AF1QipPeTjEVM6iqX9eTYo84PXkbccPUirzMGqLjJsOG/photo/AF1QipPdz_eJs5loCwngtofgnCzZpFCI08RR-fjfDYgc
4517;Cataluña;Barcelona;41,3771257;2,1339113;IQRA Kebab;Carrer de Joan GÃ¼ell 9999;Barcelona;cafe;hostelería;;;;;;;;;;https://photos.google.com/album/AF1QipPeTjEVM6iqX9eTYo84PXkbccPUirzMGqLjJsOG/photo/AF1QipOrIEBAA6MLvH3BpAtLopIzua3MyotXRQJ95ILe
15018;País Vasco;Vizcaya;43,3525422;-3,0058628;Iturgitxi;;Bilbao;bar;hostelería;;;;;;;;;;https://photos.google.com/album/AF1QipPeTjEVM6iqX9eTYo84PXkbccPUirzMGqLjJsOG/photo/AF1QipO1cdo7wTpMt09pC9D0cWo26sGcMdP_1bRK1tsS
19129;Andalucía;Sevilla;37,3829347;-5,9723901;Jaque Mate Tapas;Eduardo Dato 9999;Sevilla;restaurante;hostelería;;;;;;;;;;https://photos.google.com/album/AF1QipPeTjEVM6iqX9eTYo84PXkbccPUirzMGqLjJsOG/photo/AF1QipOy0Nj2pIGc5OO_AruFF-0DG21z4VuBO4zffkPn
16283;País Vasco;Vizcaya;43,27508;-2,9567742;Josebar;;Bilbao;cafe;hostelería;;;;;;;;;;https://photos.google.com/album/AF1QipPeTjEVM6iqX9eTYo84PXkbccPUirzMGqLjJsOG/photo/AF1QipMwE506czVoZaYhhBk0Vgcjv0ThpqkTT9OZrDmh
18486;Valencia;Valencia;39,5303813;-0,3824244;Kinepolis Valencia;;Valencia;cine;ocio;;;;;;;;;;https://photos.google.com/album/AF1QipPeTjEVM6iqX9eTYo84PXkbccPUirzMGqLjJsOG/photo/AF1QipMYgeDJ9iq1SgPABdqsniXB1k9KCftRZELwnR-S
18536;Andalucía;Málaga;36,7191054;-4,4107136;La Aldea;Calle Esparteros 5;Málaga;restaurante;hostelería;;;;;;;;;;https://photos.google.com/album/AF1QipPeTjEVM6iqX9eTYo84PXkbccPUirzMGqLjJsOG/photo/AF1QipP8X5wmzk1FRtU21uf84ZtcWTwbHf_UT7s_NyZX
19856;Andalucía;Sevilla;37,3912985;-5,9199692;La Barbería;;Sevilla;bar;hostelería;;;;;;;;;;https://photos.google.com/album/AF1QipPeTjEVM6iqX9eTYo84PXkbccPUirzMGqLjJsOG/photo/AF1QipPz1PsYp0NdYqLDbMJeR5mG4WTn7qPFQ07D0Pks
18722;Andalucía;Málaga;36,720179;-4,4208935;La Barra de Zapata;Calle Salinas 10;Málaga;restaurante;hostelería;;;;;;;;;;https://photos.google.com/album/AF1QipPeTjEVM6iqX9eTYo84PXkbccPUirzMGqLjJsOG/photo/AF1QipMF-2DO9x21yug5aMkfnIL8GxpY74WBPxUWwUZ-
19849;Andalucía;Sevilla;37,3965326;-5,9938871;La Bohemia;;Sevilla;bar;hostelería;;;;;;;;;;https://photos.google.com/album/AF1QipPeTjEVM6iqX9eTYo84PXkbccPUirzMGqLjJsOG/photo/AF1QipPdz_eJs5loCwngtofgnCzZpFCI08RR-fjfDYgc
10;Cataluña;Barcelona;41,3949813;2,1916505;La Brasería;Pere IV 36;Barcelona;restaurante;hostelería;;;;;;;;;;https://photos.google.com/album/AF1QipPeTjEVM6iqX9eTYo84PXkbccPUirzMGqLjJsOG/photo/AF1QipP_F2h7FuG1NuosUhmd2dIpZeWUGx89JiltAYhu
19850;Andalucía;Sevilla;37,3877927;-5,9872658;La Carbonería;Calle LevÃ­es 18;Sevilla;bar;hostelería;;;;;;;;;;https://photos.google.com/album/AF1QipPeTjEVM6iqX9eTYo84PXkbccPUirzMGqLjJsOG/photo/AF1QipPz1PsYp0NdYqLDbMJeR5mG4WTn7qPFQ07D0Pks
3152;Cataluña;Barcelona;41,4018928;2,1619419;La Cigale;;Barcelona;bar;hostelería;;;;;;;;;;https://photos.google.com/album/AF1QipPeTjEVM6iqX9eTYo84PXkbccPUirzMGqLjJsOG/photo/AF1QipPdz_eJs5loCwngtofgnCzZpFCI08RR-fjfDYgc
10328;Madrid;Madrid;40,4129838;-3,6956873;La Esquina;;Madrid;bar;hostelería;;;;;;;;;;https://photos.google.com/album/AF1QipPeTjEVM6iqX9eTYo84PXkbccPUirzMGqLjJsOG/photo/AF1QipNBDbrtwgIupthI0NWbnjbZadE1cWGTbOvY6FsP
10330;Madrid;Madrid;40,4136254;-3,6956999;La FÃ¡brica;Calle de JesÃºs 2;Madrid;bar;hostelería;;;;;;;;;;https://photos.google.com/album/AF1QipPeTjEVM6iqX9eTYo84PXkbccPUirzMGqLjJsOG/photo/AF1QipPdz_eJs5loCwngtofgnCzZpFCI08RR-fjfDYgc
3146;Cataluña;Barcelona;41,4319753;2,1737066;La Flor;;Barcelona;bar;hostelería;;;;;;;;;;https://photos.google.com/album/AF1QipPeTjEVM6iqX9eTYo84PXkbccPUirzMGqLjJsOG/photo/AF1QipPdz_eJs5loCwngtofgnCzZpFCI08RR-fjfDYgc
19852;Andalucía;Sevilla;37,4074871;-5,9321948;La Flor del Este;;Sevilla;bar;hostelería;;;;;;;;;;https://photos.google.com/album/AF1QipPeTjEVM6iqX9eTYo84PXkbccPUirzMGqLjJsOG/photo/AF1QipO9-zj1NVloHgXuHzLQF1kIFa0QEG7fhbpWmxnm
10327;Madrid;Madrid;40,4128038;-3,4608224;La Hidria;;Madrid;bar;hostelería;;;;;;;;;;https://photos.google.com/album/AF1QipPeTjEVM6iqX9eTYo84PXkbccPUirzMGqLjJsOG/photo/AF1QipN11GYMY-YBI7OKxpIc1BWR1Au9sQlQ-ov4akDX
20961;Andalucía;Sevilla;37,3936363;-5,9956702;La Imperdible;;Sevilla;teatro;ocio;;;;;;;;;;https://photos.google.com/album/AF1QipPeTjEVM6iqX9eTYo84PXkbccPUirzMGqLjJsOG/photo/AF1QipNXqAAL8-zTsfPDKrqPCmXTNz0ZXMmBSfb2RXKG
16825;Valencia;Valencia;39,4708998;-0,3571791;La Masía del Vino;;Valencia;restaurante;hostelería;;;;;;;;;;https://photos.google.com/album/AF1QipPeTjEVM6iqX9eTYo84PXkbccPUirzMGqLjJsOG/photo/AF1QipMfnJ4v7xZ7usmSlQegeDG-ZzF-HxSHIhyqYzyh
5799;Madrid;Madrid;40,4257624;-3,7120848;La Parrilla de Nino;Plaza de Cristino Martos 2;Madrid;restaurante;hostelería;;;;;;;;;;https://photos.google.com/album/AF1QipPeTjEVM6iqX9eTYo84PXkbccPUirzMGqLjJsOG/photo/AF1QipO5ATL94yIIREu5_64b5o_qp8_nThXh59Rf_QsB
5801;Madrid;Madrid;40,4260327;-3,6157644;La Pomarada;Calle del Conde Duque 9999;Madrid;restaurante;hostelería;;;;;;;;;;https://photos.google.com/album/AF1QipPeTjEVM6iqX9eTYo84PXkbccPUirzMGqLjJsOG/photo/AF1QipOBcT23AFL6kOLk5jbLhk8fSnJzUASci25Wbrpq
6081;Madrid;Madrid;40,4508807;-3,3332894;La Ruta del Pescador;Carretera de Loeches 27;Madrid;restaurante;hostelería;;;;;;;;;;https://photos.google.com/album/AF1QipPeTjEVM6iqX9eTYo84PXkbccPUirzMGqLjJsOG/photo/AF1QipMfnJ4v7xZ7usmSlQegeDG-ZzF-HxSHIhyqYzyh
7;Cataluña;Barcelona;41,4523498;2,2087628;La Tagliatella;Carrer de Vistalegre 4;Barcelona;restaurante;hostelería;;;;;;;;;;https://photos.google.com/album/AF1QipPeTjEVM6iqX9eTYo84PXkbccPUirzMGqLjJsOG/photo/AF1QipOBcT23AFL6kOLk5jbLhk8fSnJzUASci25Wbrpq
18962;Andalucía;Málaga;36,6823616;-4,4533215;La Taskita del Tobita;Avenida Imperio Argentina 17;Málaga;pub;hostelería;;;;;;;;;;https://photos.google.com/album/AF1QipPeTjEVM6iqX9eTYo84PXkbccPUirzMGqLjJsOG/photo/AF1QipNoIUonEsnPcabR0PWoMekOU0GrU-4Ji6aN2qpe
16123;País Vasco;Vizcaya;43,2701547;-2,9179059;La Terraza;;Bilbao;pub;hostelería;;;;;;;;;;https://photos.google.com/album/AF1QipPeTjEVM6iqX9eTYo84PXkbccPUirzMGqLjJsOG/photo/AF1QipOP25Sc0uDl2XxZP2wSOKroCgotPBGRX1h2-y81
18975;Andalucía;Málaga;36,72142;-4,4094873;La Tetería;;Málaga;cafe;hostelería;;;;;;;;;;https://photos.google.com/album/AF1QipPeTjEVM6iqX9eTYo84PXkbccPUirzMGqLjJsOG/photo/AF1QipOrIEBAA6MLvH3BpAtLopIzua3MyotXRQJ95ILe
16823;País Vasco;Vizcaya;43,3212369;-3,0026639;Lamiako antzokia;;Bilbao;teatro;ocio;;;;;;;;;;https://photos.google.com/album/AF1QipPeTjEVM6iqX9eTYo84PXkbccPUirzMGqLjJsOG/photo/AF1QipPlf_dY4PTd6oeOACM7i_V9HcpObKtJt12CRLKa
19851;Andalucía;Sevilla;37,3883027;-6,0074539;las Angarillas;;Sevilla;bar;hostelería;;;;;;;;;;https://photos.google.com/album/AF1QipPeTjEVM6iqX9eTYo84PXkbccPUirzMGqLjJsOG/photo/AF1QipO1cdo7wTpMt09pC9D0cWo26sGcMdP_1bRK1tsS
16824;Valencia;Valencia;39,4710138;-0,3632784;Les Roques;;Valencia;restaurante;hostelería;;;;;;;;;;https://photos.google.com/album/AF1QipPeTjEVM6iqX9eTYo84PXkbccPUirzMGqLjJsOG/photo/AF1QipMF-2DO9x21yug5aMkfnIL8GxpY74WBPxUWwUZ-
14263;Madrid;Madrid;40,4681078;-3,6996284;Liberarte;Calle de Francisca Conde 7;Madrid;teatro;ocio;;;;;;;;;;https://photos.google.com/album/AF1QipPeTjEVM6iqX9eTYo84PXkbccPUirzMGqLjJsOG/photo/AF1QipOH-MZVMtrw2GYNbkWA2dPCFl7LTFqf06REMg8n
20605;Andalucía;Sevilla;37,3873731;-6,0055968;Lola Cazelora;Calle Castilla 36;Sevilla;pub;hostelería;;;;;;;;;;https://photos.google.com/album/AF1QipPeTjEVM6iqX9eTYo84PXkbccPUirzMGqLjJsOG/photo/AF1QipPdz_eJs5loCwngtofgnCzZpFCI08RR-fjfDYgc
16834;Valencia;Valencia;39,4503085;-0,3632784;Los Bestias;;Valencia;restaurante;hostelería;;;;;;;;;;https://photos.google.com/album/AF1QipPeTjEVM6iqX9eTYo84PXkbccPUirzMGqLjJsOG/photo/AF1QipP8X5wmzk1FRtU21uf84ZtcWTwbHf_UT7s_NyZX
10331;Madrid;Madrid;40,4135119;-3,6957073;Los Gatos;;Madrid;bar;hostelería;;;;;;;;;;https://photos.google.com/album/AF1QipPeTjEVM6iqX9eTYo84PXkbccPUirzMGqLjJsOG/photo/AF1QipPz1PsYp0NdYqLDbMJeR5mG4WTn7qPFQ07D0Pks
3150;Cataluña;Barcelona;41,3774104;2,1373163;Lugar de Tapas;;Barcelona;bar;hostelería;;;;;;;;;;https://photos.google.com/album/AF1QipPeTjEVM6iqX9eTYo84PXkbccPUirzMGqLjJsOG/photo/AF1QipN11GYMY-YBI7OKxpIc1BWR1Au9sQlQ-ov4akDX
10321;Madrid;Madrid;40,4256418;-3,7121995;MÃ¼r Café;Plaza de Cristino Martos 2;Madrid;bar;hostelería;;;;;;;;;;https://photos.google.com/album/AF1QipPeTjEVM6iqX9eTYo84PXkbccPUirzMGqLjJsOG/photo/AF1QipN11GYMY-YBI7OKxpIc1BWR1Au9sQlQ-ov4akDX
18868;Andalucía;Málaga;36,7209361;-4,4025489;Mandala;;Málaga;bar;hostelería;;;;;;;;;;https://photos.google.com/album/AF1QipPeTjEVM6iqX9eTYo84PXkbccPUirzMGqLjJsOG/photo/AF1QipPdz_eJs5loCwngtofgnCzZpFCI08RR-fjfDYgc
15021;País Vasco;Vizcaya;43,3493104;-3,0102731;Manhattan;;Bilbao;bar;hostelería;;;;;;;;;;https://photos.google.com/album/AF1QipPeTjEVM6iqX9eTYo84PXkbccPUirzMGqLjJsOG/photo/AF1QipNBDbrtwgIupthI0NWbnjbZadE1cWGTbOvY6FsP
4510;Cataluña;Barcelona;41,3803452;2,1344972;Mendizabal;;Barcelona;cafe;hostelería;;;;;;;;;;https://photos.google.com/album/AF1QipPeTjEVM6iqX9eTYo84PXkbccPUirzMGqLjJsOG/photo/AF1QipMwE506czVoZaYhhBk0Vgcjv0ThpqkTT9OZrDmh
16284;País Vasco;Vizcaya;43,2759587;-2,9568133;Mesón de Luis;;Bilbao;cafe;hostelería;;;;;;;;;;https://photos.google.com/album/AF1QipPeTjEVM6iqX9eTYo84PXkbccPUirzMGqLjJsOG/photo/AF1QipOrIEBAA6MLvH3BpAtLopIzua3MyotXRQJ95ILe
18869;Andalucía;Málaga;36,7216918;-4,4197383;Mesón Gibralfaro;;Málaga;bar;hostelería;;;;;;;;;;https://photos.google.com/album/AF1QipPeTjEVM6iqX9eTYo84PXkbccPUirzMGqLjJsOG/photo/AF1QipPz1PsYp0NdYqLDbMJeR5mG4WTn7qPFQ07D0Pks
19319;Andalucía;Sevilla;37,4120709;-5,9199692;Mesón Orosierra;;Sevilla;restaurante;hostelería;;;;;;;;;;https://photos.google.com/album/AF1QipPeTjEVM6iqX9eTYo84PXkbccPUirzMGqLjJsOG/photo/AF1QipMF-2DO9x21yug5aMkfnIL8GxpY74WBPxUWwUZ-
14210;Madrid;Madrid;40,4631411;-3,6361022;mk2 Palacio de Hielo;;Madrid;cine;ocio;;;;;;;;;;https://photos.google.com/album/AF1QipPeTjEVM6iqX9eTYo84PXkbccPUirzMGqLjJsOG/photo/AF1QipOI7psj_d5ztV6mfQ_lMaY3u47yAN03HYU4xm2E
3;Cataluña;Barcelona;41,3899967;2,1318367;Moncho's House;;Barcelona;restaurante;hostelería;;;;;;;;;;https://photos.google.com/album/AF1QipPeTjEVM6iqX9eTYo84PXkbccPUirzMGqLjJsOG/photo/AF1QipN4XbH6Z-B3fo4DHGTlUcDUA1u3aLWI2bQLsfj5
17862;Valencia;Valencia;39,4848382;-0,4626716;Montaditos Karina;;Valencia;bar;hostelería;;;;;;;;;;https://photos.google.com/album/AF1QipPeTjEVM6iqX9eTYo84PXkbccPUirzMGqLjJsOG/photo/AF1QipO1cdo7wTpMt09pC9D0cWo26sGcMdP_1bRK1tsS
18931;Andalucía;Málaga;36,7229048;-4,4207244;Morrissey's;;Málaga;pub;hostelería;;;;;;;;;;https://photos.google.com/album/AF1QipPeTjEVM6iqX9eTYo84PXkbccPUirzMGqLjJsOG/photo/AF1QipMYHv09IK73Xz513_hKb9XeQDYq7d8j1jpZdnJc
20965;Andalucía;Sevilla;37,3881144;-5,9609221;Multicines;;Sevilla;teatro;ocio;;;;;;;;;;https://photos.google.com/album/AF1QipPeTjEVM6iqX9eTYo84PXkbccPUirzMGqLjJsOG/photo/AF1QipOH-MZVMtrw2GYNbkWA2dPCFl7LTFqf06REMg8n
16816;País Vasco;Vizcaya;43,2615002;-2,9223182;Multicines;;Bilbao;cine;ocio;;;;;;;;;;https://photos.google.com/album/AF1QipPeTjEVM6iqX9eTYo84PXkbccPUirzMGqLjJsOG/photo/AF1QipOI7psj_d5ztV6mfQ_lMaY3u47yAN03HYU4xm2E
14211;Madrid;Madrid;40,4801573;-3,7076189;Multicines La Vaguada;;Madrid;cine;ocio;;;;;;;;;;https://photos.google.com/album/AF1QipPeTjEVM6iqX9eTYo84PXkbccPUirzMGqLjJsOG/photo/AF1QipOI7psj_d5ztV6mfQ_lMaY3u47yAN03HYU4xm2E
19115;Andalucía;Málaga;36,7344735;-4,4313935;Multicines Rosaleda;;Málaga;cine;ocio;;;;;;;;;;https://photos.google.com/album/AF1QipPeTjEVM6iqX9eTYo84PXkbccPUirzMGqLjJsOG/photo/AF1QipOI7psj_d5ztV6mfQ_lMaY3u47yAN03HYU4xm2E
5807;Madrid;Madrid;40,4128962;-3,7114087;NaÃ¯a;;Madrid;restaurante;hostelería;;;;;;;;;;https://photos.google.com/album/AF1QipPeTjEVM6iqX9eTYo84PXkbccPUirzMGqLjJsOG/photo/AF1QipPqVybvUQ5N8EBG7Q6ardNjPebV7oBC15TJ4i5x
18064;Valencia;Valencia;39,474516;-0,3824244;NEPO;;Valencia;pub;hostelería;;;;;;;;;;https://photos.google.com/album/AF1QipPeTjEVM6iqX9eTYo84PXkbccPUirzMGqLjJsOG/photo/AF1QipOP25Sc0uDl2XxZP2wSOKroCgotPBGRX1h2-y81
18192;Valencia;Valencia;39,471011;-0,3818602;Ni pa ti ni pa mi;;Valencia;cafe;hostelería;;;;;;;;;;https://photos.google.com/album/AF1QipPeTjEVM6iqX9eTYo84PXkbccPUirzMGqLjJsOG/photo/AF1QipMwE506czVoZaYhhBk0Vgcjv0ThpqkTT9OZrDmh
12133;Madrid;Madrid;40,4260312;-3,6981336;Olé Lola;Calle de San Mateo 28;Madrid;pub;hostelería;;;;;;;;;;https://photos.google.com/album/AF1QipPeTjEVM6iqX9eTYo84PXkbccPUirzMGqLjJsOG/photo/AF1QipO1cdo7wTpMt09pC9D0cWo26sGcMdP_1bRK1tsS
16275;País Vasco;Vizcaya;43,2582221;-2,9384709;Olimpia;;Bilbao;cafe;hostelería;;;;;;;;;;https://photos.google.com/album/AF1QipPeTjEVM6iqX9eTYo84PXkbccPUirzMGqLjJsOG/photo/AF1QipO8LaNjUDMFBFhCfiUnyYpPxu6tRJPIq_ffVpWe
18495;Valencia;Valencia;39,4708613;-0,4626716;Olympia;Carrer de Sant Vicent MÃ rtir 44;Valencia;teatro;ocio;;;;;;;;;;https://photos.google.com/album/AF1QipPeTjEVM6iqX9eTYo84PXkbccPUirzMGqLjJsOG/photo/AF1QipNXqAAL8-zTsfPDKrqPCmXTNz0ZXMmBSfb2RXKG
3147;Cataluña;Barcelona;41,3759838;2,1350831;Orhan;;Barcelona;bar;hostelería;;;;;;;;;;https://photos.google.com/album/AF1QipPeTjEVM6iqX9eTYo84PXkbccPUirzMGqLjJsOG/photo/AF1QipPz1PsYp0NdYqLDbMJeR5mG4WTn7qPFQ07D0Pks
12978;Madrid;Madrid;40,4193676;-3,3332894;OVNI;Calle de la Salud 13;Madrid;cafe;hostelería;;;;;;;;;;https://photos.google.com/album/AF1QipPeTjEVM6iqX9eTYo84PXkbccPUirzMGqLjJsOG/photo/AF1QipMaUHGpmOm0qVrH2W2Aa3PsClPUXrmNgzheUXL2
16820;País Vasco;Vizcaya;43,2673338;-2,9604465;Pabellón 6;;Bilbao;teatro;ocio;;;;;;;;;;https://photos.google.com/album/AF1QipPeTjEVM6iqX9eTYo84PXkbccPUirzMGqLjJsOG/photo/AF1QipNyquz-l9H8lH00XjWVxuE0dxo61NKlkpbHAaHL
11;Cataluña;Barcelona;41,3934539;2,1881434;Palacio de China;;Barcelona;restaurante;hostelería;;;;;;;;;;https://photos.google.com/album/AF1QipPeTjEVM6iqX9eTYo84PXkbccPUirzMGqLjJsOG/photo/AF1QipP8X5wmzk1FRtU21uf84ZtcWTwbHf_UT7s_NyZX
4509;Cataluña;Barcelona;41,3823971;2,0740829;Parador;;Barcelona;cafe;hostelería;;;;;;;;;;https://photos.google.com/album/AF1QipPeTjEVM6iqX9eTYo84PXkbccPUirzMGqLjJsOG/photo/AF1QipMwE506czVoZaYhhBk0Vgcjv0ThpqkTT9OZrDmh
18520;Andalucía;Málaga;36,7223073;-4,4206242;Pepa y Pepe;;Málaga;restaurante;hostelería;;;;;;;;;;https://photos.google.com/album/AF1QipPeTjEVM6iqX9eTYo84PXkbccPUirzMGqLjJsOG/photo/AF1QipPqVybvUQ5N8EBG7Q6ardNjPebV7oBC15TJ4i5x
5737;Cataluña;Barcelona;41,4090866;2,1718056;Phenomena;Carrer de Sant Antoni Maria Claret 168;Barcelona;cine;ocio;;;;;;;;;;https://photos.google.com/album/AF1QipPeTjEVM6iqX9eTYo84PXkbccPUirzMGqLjJsOG/photo/AF1QipMYgeDJ9iq1SgPABdqsniXB1k9KCftRZELwnR-S
19122;Andalucía;Sevilla;37,3881734;-5,9218547;Pizzeria Maria;;Sevilla;restaurante;hostelería;;;;;;;;;;https://photos.google.com/album/AF1QipPeTjEVM6iqX9eTYo84PXkbccPUirzMGqLjJsOG/photo/AF1QipMfnJ4v7xZ7usmSlQegeDG-ZzF-HxSHIhyqYzyh
8;Cataluña;Barcelona;41,4540651;2,2064721;Pizzeria Pulcinella;Carrer del Doctor Ferran 2;Barcelona;restaurante;hostelería;;;;;;;;;;https://photos.google.com/album/AF1QipPeTjEVM6iqX9eTYo84PXkbccPUirzMGqLjJsOG/photo/AF1QipOvgregYOMPN4vjhaBLfS9d1V7F_kxwLXaNDWR_
5750;Cataluña;Barcelona;41,3840778;2,1707374;Poliorama;;Barcelona;teatro;ocio;;;;;;;;;;https://photos.google.com/album/AF1QipPeTjEVM6iqX9eTYo84PXkbccPUirzMGqLjJsOG/photo/AF1QipOH-MZVMtrw2GYNbkWA2dPCFl7LTFqf06REMg8n
18194;Valencia;Valencia;39,4709045;-0,3830845;Poquito a poco;;Valencia;cafe;hostelería;;;;;;;;;;https://photos.google.com/album/AF1QipPeTjEVM6iqX9eTYo84PXkbccPUirzMGqLjJsOG/photo/AF1QipO8LaNjUDMFBFhCfiUnyYpPxu6tRJPIq_ffVpWe
4122;Cataluña;Barcelona;41,3772743;2,1371527;Pub Gris;;Barcelona;pub;hostelería;;;;;;;;;;https://photos.google.com/album/AF1QipPeTjEVM6iqX9eTYo84PXkbccPUirzMGqLjJsOG/photo/AF1QipO1cdo7wTpMt09pC9D0cWo26sGcMdP_1bRK1tsS
5805;Madrid;Madrid;40,412068;-3,7105933;Que trabaje Rita;;Madrid;restaurante;hostelería;;;;;;;;;;https://photos.google.com/album/AF1QipPeTjEVM6iqX9eTYo84PXkbccPUirzMGqLjJsOG/photo/AF1QipP_F2h7FuG1NuosUhmd2dIpZeWUGx89JiltAYhu
13100;Madrid;Madrid;40,4600259;-3,4608224;Ramos;;Madrid;cafe;hostelería;;;;;;;;;;https://photos.google.com/album/AF1QipPeTjEVM6iqX9eTYo84PXkbccPUirzMGqLjJsOG/photo/AF1QipMwE506czVoZaYhhBk0Vgcjv0ThpqkTT9OZrDmh
18875;Andalucía;Málaga;36,7235511;-4,4169338;Re-pitta;Plaza de la Merced 20;Málaga;bar;hostelería;;;;;;;;;;https://photos.google.com/album/AF1QipPeTjEVM6iqX9eTYo84PXkbccPUirzMGqLjJsOG/photo/AF1QipPz1PsYp0NdYqLDbMJeR5mG4WTn7qPFQ07D0Pks
12;Cataluña;Barcelona;41,447858;2,1319638;Restaurant Can Valldaura;;Barcelona;restaurante;hostelería;;;;;;;;;;https://photos.google.com/album/AF1QipPeTjEVM6iqX9eTYo84PXkbccPUirzMGqLjJsOG/photo/AF1QipPqVybvUQ5N8EBG7Q6ardNjPebV7oBC15TJ4i5x
18702;Andalucía;Málaga;36,7216041;-4,4094873;Restaurante De Sancha;Paseo de Sancha 30;Málaga;restaurante;hostelería;;;;;;;;;;https://photos.google.com/album/AF1QipPeTjEVM6iqX9eTYo84PXkbccPUirzMGqLjJsOG/photo/AF1QipMfnJ4v7xZ7usmSlQegeDG-ZzF-HxSHIhyqYzyh
18517;Andalucía;Málaga;36,6742292;-4,4843532;Restaurante Los Bravos;Calle Argonautas 9999;Málaga;restaurante;hostelería;;;;;;;;;;https://photos.google.com/album/AF1QipPeTjEVM6iqX9eTYo84PXkbccPUirzMGqLjJsOG/photo/AF1QipOy0Nj2pIGc5OO_AruFF-0DG21z4VuBO4zffkPn
18713;Andalucía;Málaga;36,7186239;-4,4107136;Restaurante Marrakech;Avenida CÃ¡novas del Castillo 12;Málaga;restaurante;hostelería;;;;;;;;;;https://photos.google.com/album/AF1QipPeTjEVM6iqX9eTYo84PXkbccPUirzMGqLjJsOG/photo/AF1QipN4XbH6Z-B3fo4DHGTlUcDUA1u3aLWI2bQLsfj5
14343;País Vasco;Vizcaya;43,2736308;-2,9282729;Restaurante Txakoli;BI-3741 Carretera de Artxanda / Artxandako errepidea 19;Bilbao;restaurante;hostelería;;;;;;;;;;https://photos.google.com/album/AF1QipPeTjEVM6iqX9eTYo84PXkbccPUirzMGqLjJsOG/photo/AF1QipO5ATL94yIIREu5_64b5o_qp8_nThXh59Rf_QsB
9863;Madrid;Madrid;40,3509478;-3,8913527;Restaurante ViÃ±a Gabaldón;Avenida de Quitapesares 74;Madrid;restaurante;hostelería;;;;;;;;;;https://photos.google.com/album/AF1QipPeTjEVM6iqX9eTYo84PXkbccPUirzMGqLjJsOG/photo/AF1QipMF-2DO9x21yug5aMkfnIL8GxpY74WBPxUWwUZ-
5798;Madrid;Madrid;40,4245836;-3,5861034;Rey de Tallarines;Plaza del Conde de Toreno 2;Madrid;restaurante;hostelería;;;;;;;;;;https://photos.google.com/album/AF1QipPeTjEVM6iqX9eTYo84PXkbccPUirzMGqLjJsOG/photo/AF1QipN5ykYrD9ZfkKDSCVJLq0imRFGxe_9ORTd8Nmj_
4511;Cataluña;Barcelona;41,438684;2,2171549;Rin;carrer de Pérez Galdós 29;Barcelona;cafe;hostelería;;;;;;;;;;https://photos.google.com/album/AF1QipPeTjEVM6iqX9eTYo84PXkbccPUirzMGqLjJsOG/photo/AF1QipMwE506czVoZaYhhBk0Vgcjv0ThpqkTT9OZrDmh
18193;Valencia;Valencia;39,4710084;-0,3824244;Rivendel;;Valencia;cafe;hostelería;;;;;;;;;;https://photos.google.com/album/AF1QipPeTjEVM6iqX9eTYo84PXkbccPUirzMGqLjJsOG/photo/AF1QipO8LaNjUDMFBFhCfiUnyYpPxu6tRJPIq_ffVpWe
18983;Andalucía;Málaga;36,7209488;-4,4167239;Roldan Panade;;Málaga;cafe;hostelería;;;;;;;;;;https://photos.google.com/album/AF1QipPeTjEVM6iqX9eTYo84PXkbccPUirzMGqLjJsOG/photo/AF1QipMwE506czVoZaYhhBk0Vgcjv0ThpqkTT9OZrDmh
14345;País Vasco;Vizcaya;43,351307;-3,0118225;Saigon;;Bilbao;restaurante;hostelería;;;;;;;;;;https://photos.google.com/album/AF1QipPeTjEVM6iqX9eTYo84PXkbccPUirzMGqLjJsOG/photo/AF1QipOBcT23AFL6kOLk5jbLhk8fSnJzUASci25Wbrpq
16831;Valencia;Valencia;39,4517073;-0,3571791;Saisua;;Valencia;restaurante;hostelería;;;;;;;;;;https://photos.google.com/album/AF1QipPeTjEVM6iqX9eTYo84PXkbccPUirzMGqLjJsOG/photo/AF1QipOvgregYOMPN4vjhaBLfS9d1V7F_kxwLXaNDWR_
20962;Andalucía;Sevilla;37,393965;-5,9877855;Sala Cero;Calle Sol 5;Sevilla;teatro;ocio;;;;;;;;;;https://photos.google.com/album/AF1QipPeTjEVM6iqX9eTYo84PXkbccPUirzMGqLjJsOG/photo/AF1QipNyquz-l9H8lH00XjWVxuE0dxo61NKlkpbHAaHL
18501;Valencia;Valencia;39,4622893;-0,3632784;Sala Russafa;;Valencia;teatro;ocio;;;;;;;;;;https://photos.google.com/album/AF1QipPeTjEVM6iqX9eTYo84PXkbccPUirzMGqLjJsOG/photo/AF1QipP9jtL_i5m9vGvGa65C1tYg21f2nAVazJSbtZHE
18987;Andalucía;Málaga;36,720926;-4,4015326;Salón Florido;;Málaga;cafe;hostelería;;;;;;;;;;https://photos.google.com/album/AF1QipPeTjEVM6iqX9eTYo84PXkbccPUirzMGqLjJsOG/photo/AF1QipMwE506czVoZaYhhBk0Vgcjv0ThpqkTT9OZrDmh
5758;Cataluña;Barcelona;41,3743883;2,1349158;Sants Teatre del Centre;Carrer d'Antoni de Capmany 72-76;Barcelona;teatro;ocio;;;;;;;;;;https://photos.google.com/album/AF1QipPeTjEVM6iqX9eTYo84PXkbccPUirzMGqLjJsOG/photo/AF1QipOH-MZVMtrw2GYNbkWA2dPCFl7LTFqf06REMg8n
3148;Cataluña;Barcelona;41,3770535;2,1338807;Sar;;Barcelona;bar;hostelería;;;;;;;;;;https://photos.google.com/album/AF1QipPeTjEVM6iqX9eTYo84PXkbccPUirzMGqLjJsOG/photo/AF1QipO1cdo7wTpMt09pC9D0cWo26sGcMdP_1bRK1tsS
14346;País Vasco;Vizcaya;43,3488362;-3,0113765;Satistegi Jatetxea;;Bilbao;restaurante;hostelería;;;;;;;;;;https://photos.google.com/album/AF1QipPeTjEVM6iqX9eTYo84PXkbccPUirzMGqLjJsOG/photo/AF1QipOvgregYOMPN4vjhaBLfS9d1V7F_kxwLXaNDWR_
5802;Madrid;Madrid;40,4252476;-3,6963836;Sexto;Calle de Fernando VI 6;Madrid;restaurante;hostelería;;;;;;;;;;https://photos.google.com/album/AF1QipPeTjEVM6iqX9eTYo84PXkbccPUirzMGqLjJsOG/photo/AF1QipOvgregYOMPN4vjhaBLfS9d1V7F_kxwLXaNDWR_
20966;Andalucía;Sevilla;37,4050495;-6,0074317;SGAE;;Sevilla;teatro;ocio;;;;;;;;;;https://photos.google.com/album/AF1QipPeTjEVM6iqX9eTYo84PXkbccPUirzMGqLjJsOG/photo/AF1QipOkwW0WJwuH22aT6Y6_ocr1MS5PT5EJc46_DIPh
12130;Madrid;Madrid;40,4270264;-3,7016864;Sidrería la Camocha;Calle de Fuencarral 95;Madrid;pub;hostelería;;;;;;;;;;https://photos.google.com/album/AF1QipPeTjEVM6iqX9eTYo84PXkbccPUirzMGqLjJsOG/photo/AF1QipNoIUonEsnPcabR0PWoMekOU0GrU-4Ji6aN2qpe
18066;Valencia;Valencia;39,4758544;-0,3830845;Social Club;;Valencia;pub;hostelería;;;;;;;;;;https://photos.google.com/album/AF1QipPeTjEVM6iqX9eTYo84PXkbccPUirzMGqLjJsOG/photo/AF1QipNoIUonEsnPcabR0PWoMekOU0GrU-4Ji6aN2qpe
18967;Andalucía;Málaga;36,6763364;-4,4915633;Starbucks;;Málaga;cafe;hostelería;;;;;;;;;;https://photos.google.com/album/AF1QipPeTjEVM6iqX9eTYo84PXkbccPUirzMGqLjJsOG/photo/AF1QipMfd0gFk-75r2dBVtex3F_1Lc-YXgoOs0PcgD1Q
20671;Andalucía;Sevilla;37,3824759;-5,9929673;Starbucks;;Sevilla;cafe;hostelería;;;;;;;;;;https://photos.google.com/album/AF1QipPeTjEVM6iqX9eTYo84PXkbccPUirzMGqLjJsOG/photo/AF1QipO8LaNjUDMFBFhCfiUnyYpPxu6tRJPIq_ffVpWe
12979;Madrid;Madrid;40,4202661;-3,7028563;Starbucks;;Madrid;cafe;hostelería;;;;;;;;;;https://photos.google.com/album/AF1QipPeTjEVM6iqX9eTYo84PXkbccPUirzMGqLjJsOG/photo/AF1QipMfd0gFk-75r2dBVtex3F_1Lc-YXgoOs0PcgD1Q
12980;Madrid;Madrid;40,4200282;-3,7054691;Starbucks;Plaza de Callao 4;Madrid;cafe;hostelería;;;;;;;;;;https://photos.google.com/album/AF1QipPeTjEVM6iqX9eTYo84PXkbccPUirzMGqLjJsOG/photo/AF1QipMwE506czVoZaYhhBk0Vgcjv0ThpqkTT9OZrDmh
19846;Andalucía;Sevilla;37,3859859;-5,9860999;Taberna El papelón;;Sevilla;bar;hostelería;;;;;;;;;;https://photos.google.com/album/AF1QipPeTjEVM6iqX9eTYo84PXkbccPUirzMGqLjJsOG/photo/AF1QipPybbQRlSCVfNORaEkO3iiC6CW7NvUbuMslwiWk
18686;Andalucía;Málaga;36,7172011;-4,4220362;Taberna La Antigua;Calle Trinidad Grund 12;Málaga;restaurante;hostelería;;;;;;;;;;https://photos.google.com/album/AF1QipPeTjEVM6iqX9eTYo84PXkbccPUirzMGqLjJsOG/photo/AF1QipP_F2h7FuG1NuosUhmd2dIpZeWUGx89JiltAYhu
20535;Andalucía;Sevilla;37,3932365;-6,0018901;Taberna La Saeta;;Sevilla;pub;hostelería;;;;;;;;;;https://photos.google.com/album/AF1QipPeTjEVM6iqX9eTYo84PXkbccPUirzMGqLjJsOG/photo/AF1QipMYHv09IK73Xz513_hKb9XeQDYq7d8j1jpZdnJc
4;Cataluña;Barcelona;41,3836716;2,1806392;Taller de Tapas;l'Argenteria 51;Barcelona;restaurante;hostelería;;;;;;;;;;https://photos.google.com/album/AF1QipPeTjEVM6iqX9eTYo84PXkbccPUirzMGqLjJsOG/photo/AF1QipN5ykYrD9ZfkKDSCVJLq0imRFGxe_9ORTd8Nmj_
18753;Andalucía;Málaga;36,7190175;-4,4225668;Tandoori Mex;Calle Esparteros 8;Málaga;restaurante;hostelería;;;;;;;;;;https://photos.google.com/album/AF1QipPeTjEVM6iqX9eTYo84PXkbccPUirzMGqLjJsOG/photo/AF1QipP8X5wmzk1FRtU21uf84ZtcWTwbHf_UT7s_NyZX
3149;Cataluña;Barcelona;41,3775028;2,1374276;Tapa Tape;;Barcelona;bar;hostelería;;;;;;;;;;https://photos.google.com/album/AF1QipPeTjEVM6iqX9eTYo84PXkbccPUirzMGqLjJsOG/photo/AF1QipO9-zj1NVloHgXuHzLQF1kIFa0QEG7fhbpWmxnm
14348;País Vasco;Vizcaya;43,2589382;-2,9370198;Tapachula;;Bilbao;restaurante;hostelería;;;;;;;;;;https://photos.google.com/album/AF1QipPeTjEVM6iqX9eTYo84PXkbccPUirzMGqLjJsOG/photo/AF1QipP_F2h7FuG1NuosUhmd2dIpZeWUGx89JiltAYhu
18535;Andalucía;Málaga;36,7237883;-4,4197485;Taperia de Sybaris;;Málaga;restaurante;hostelería;;;;;;;;;;https://photos.google.com/album/AF1QipPeTjEVM6iqX9eTYo84PXkbccPUirzMGqLjJsOG/photo/AF1QipOy0Nj2pIGc5OO_AruFF-0DG21z4VuBO4zffkPn
5779;Cataluña;Barcelona;41,3888477;2,1735904;Teatre BorrÃ s;PlaÃ§a d'Urquinaona 9;Barcelona;teatro;ocio;;;;;;;;;;https://photos.google.com/album/AF1QipPeTjEVM6iqX9eTYo84PXkbccPUirzMGqLjJsOG/photo/AF1QipN-HRa64amn7bhn9SRWxn5pTwUWHAY-HaTss2DU
5749;Cataluña;Barcelona;41,384087;2,1344972;Teatre Goya;;Barcelona;teatro;ocio;;;;;;;;;;https://photos.google.com/album/AF1QipPeTjEVM6iqX9eTYo84PXkbccPUirzMGqLjJsOG/photo/AF1QipP9jtL_i5m9vGvGa65C1tYg21f2nAVazJSbtZHE
18494;Valencia;Valencia;39,4654995;-0,3997385;Teatre i Auditori Municipal d'Aldaia;;Valencia;teatro;ocio;;;;;;;;;;https://photos.google.com/album/AF1QipPeTjEVM6iqX9eTYo84PXkbccPUirzMGqLjJsOG/photo/AF1QipN-HRa64amn7bhn9SRWxn5pTwUWHAY-HaTss2DU
5752;Cataluña;Barcelona;41,372552;2,1177841;Teatre Joventut;Carrer Joventut 10;Barcelona;teatro;ocio;;;;;;;;;;https://photos.google.com/album/AF1QipPeTjEVM6iqX9eTYo84PXkbccPUirzMGqLjJsOG/photo/AF1QipP0WP79C3KxI7FxNkUpd9Gy4tlYNMP_ZdTcHv7m
5748;Cataluña;Barcelona;41,3805321;2,1710813;Teatre Romea;;Barcelona;teatro;ocio;;;;;;;;;;https://photos.google.com/album/AF1QipPeTjEVM6iqX9eTYo84PXkbccPUirzMGqLjJsOG/photo/AF1QipOCDwik2OrZIp6hBUWbrPTbk_7XKbVu1I0sQpm9
5746;Cataluña;Barcelona;41,3759426;2,1678212;Teatre Tantarantana;Carrer de les Flors 22;Barcelona;teatro;ocio;;;;;;;;;;https://photos.google.com/album/AF1QipPeTjEVM6iqX9eTYo84PXkbccPUirzMGqLjJsOG/photo/AF1QipNXqAAL8-zTsfPDKrqPCmXTNz0ZXMmBSfb2RXKG
5754;Cataluña;Barcelona;41,3748027;2,1687428;Teatre VictÃ²ria;;Barcelona;teatro;ocio;;;;;;;;;;https://photos.google.com/album/AF1QipPeTjEVM6iqX9eTYo84PXkbccPUirzMGqLjJsOG/photo/AF1QipPlf_dY4PTd6oeOACM7i_V9HcpObKtJt12CRLKa
14259;Madrid;Madrid;40,4232134;-3,7045532;Teatro Alfil;Calle del Pez 10;Madrid;teatro;ocio;;;;;;;;;;https://photos.google.com/album/AF1QipPeTjEVM6iqX9eTYo84PXkbccPUirzMGqLjJsOG/photo/AF1QipN-HRa64amn7bhn9SRWxn5pTwUWHAY-HaTss2DU
14265;Madrid;Madrid;40,4165514;-3,7054496;Teatro Arenal;Calle Mayor 6;Madrid;teatro;ocio;;;;;;;;;;https://photos.google.com/album/AF1QipPeTjEVM6iqX9eTYo84PXkbccPUirzMGqLjJsOG/photo/AF1QipP0WP79C3KxI7FxNkUpd9Gy4tlYNMP_ZdTcHv7m
18493;Valencia;Valencia;39,4715046;-0,3491795;Teatro CÃ­rculo;;Valencia;teatro;ocio;;;;;;;;;;https://photos.google.com/album/AF1QipPeTjEVM6iqX9eTYo84PXkbccPUirzMGqLjJsOG/photo/AF1QipMs9-mQgXQ-IflaElpBrlfl-hRmrCvoXHWPnhAK
18497;Valencia;Valencia;39,4824157;-0,3632784;Teatro de El Casino;;Valencia;teatro;ocio;;;;;;;;;;https://photos.google.com/album/AF1QipPeTjEVM6iqX9eTYo84PXkbccPUirzMGqLjJsOG/photo/AF1QipOCDwik2OrZIp6hBUWbrPTbk_7XKbVu1I0sQpm9
14286;Madrid;Madrid;40,4094017;-3,4743852;Teatro del arte;Calle de San Cosme y San DamiÃ¡n 3;Madrid;teatro;ocio;;;;;;;;;;https://photos.google.com/album/AF1QipPeTjEVM6iqX9eTYo84PXkbccPUirzMGqLjJsOG/photo/AF1QipP9jtL_i5m9vGvGa65C1tYg21f2nAVazJSbtZHE
19120;Andalucía;Málaga;36,7162369;-4,4218448;Teatro del Soho;Calle Córdoba 13;Málaga;teatro;ocio;;;;;;;;;;https://photos.google.com/album/AF1QipPeTjEVM6iqX9eTYo84PXkbccPUirzMGqLjJsOG/photo/AF1QipOCDwik2OrZIp6hBUWbrPTbk_7XKbVu1I0sQpm9
20969;Andalucía;Sevilla;37,3876143;-6,0782919;Teatro El TronÃ­o;;Sevilla;teatro;ocio;;;;;;;;;;https://photos.google.com/album/AF1QipPeTjEVM6iqX9eTYo84PXkbccPUirzMGqLjJsOG/photo/AF1QipPlf_dY4PTd6oeOACM7i_V9HcpObKtJt12CRLKa
14268;Madrid;Madrid;40,414865;-3,7001523;Teatro EspaÃ±ol;;Madrid;teatro;ocio;;;;;;;;;;https://photos.google.com/album/AF1QipPeTjEVM6iqX9eTYo84PXkbccPUirzMGqLjJsOG/photo/AF1QipPlf_dY4PTd6oeOACM7i_V9HcpObKtJt12CRLKa
19117;Andalucía;Málaga;36,7163866;-4,4235166;Teatro Flamenco El Soho;Calle Vendeja 30;Málaga;teatro;ocio;;;;;;;;;;https://photos.google.com/album/AF1QipPeTjEVM6iqX9eTYo84PXkbccPUirzMGqLjJsOG/photo/AF1QipNXqAAL8-zTsfPDKrqPCmXTNz0ZXMmBSfb2RXKG
20979;Andalucía;Sevilla;37,3833163;-6,0006083;Teatro Flamenco Triana;;Sevilla;teatro;ocio;;;;;;;;;;https://photos.google.com/album/AF1QipPeTjEVM6iqX9eTYo84PXkbccPUirzMGqLjJsOG/photo/AF1QipN-HRa64amn7bhn9SRWxn5pTwUWHAY-HaTss2DU
14267;Madrid;Madrid;40,4223279;-3,7088585;Teatro Gran Vía;Gran Vía 66;Madrid;teatro;ocio;;;;;;;;;;https://photos.google.com/album/AF1QipPeTjEVM6iqX9eTYo84PXkbccPUirzMGqLjJsOG/photo/AF1QipP9jtL_i5m9vGvGa65C1tYg21f2nAVazJSbtZHE
20963;Andalucía;Sevilla;37,3828085;-5,9787405;Teatro Jardines De La Buhaira;Eduardo Dato 9999;Sevilla;teatro;ocio;;;;;;;;;;https://photos.google.com/album/AF1QipPeTjEVM6iqX9eTYo84PXkbccPUirzMGqLjJsOG/photo/AF1QipOCDwik2OrZIp6hBUWbrPTbk_7XKbVu1I0sQpm9
18502;Valencia;Valencia;39,499774;-0,3491795;Teatro L'AgrÃ­cola;;Valencia;teatro;ocio;;;;;;;;;;https://photos.google.com/album/AF1QipPeTjEVM6iqX9eTYo84PXkbccPUirzMGqLjJsOG/photo/AF1QipPlf_dY4PTd6oeOACM7i_V9HcpObKtJt12CRLKa
14262;Madrid;Madrid;40,428686;-3,7032672;Teatro Maravillas;;Madrid;teatro;ocio;;;;;;;;;;https://photos.google.com/album/AF1QipPeTjEVM6iqX9eTYo84PXkbccPUirzMGqLjJsOG/photo/AF1QipOCDwik2OrZIp6hBUWbrPTbk_7XKbVu1I0sQpm9
14266;Madrid;Madrid;40,4183658;-3,7032747;Teatro MuÃ±oz Seca;Plaza del Carmen 1;Madrid;teatro;ocio;;;;;;;;;;https://photos.google.com/album/AF1QipPeTjEVM6iqX9eTYo84PXkbccPUirzMGqLjJsOG/photo/AF1QipMs9-mQgXQ-IflaElpBrlfl-hRmrCvoXHWPnhAK
14261;Madrid;Madrid;40,4600348;-3,4743852;Teatro Municipal José María Rodero;;Madrid;teatro;ocio;;;;;;;;;;https://photos.google.com/album/AF1QipPeTjEVM6iqX9eTYo84PXkbccPUirzMGqLjJsOG/photo/AF1QipNyquz-l9H8lH00XjWVxuE0dxo61NKlkpbHAaHL
14295;Madrid;Madrid;40,4260156;-3,4743852;Teatro Nueve Norte;Calle del Norte 9;Madrid;teatro;ocio;;;;;;;;;;https://photos.google.com/album/AF1QipPeTjEVM6iqX9eTYo84PXkbccPUirzMGqLjJsOG/photo/AF1QipP0WP79C3KxI7FxNkUpd9Gy4tlYNMP_ZdTcHv7m
14260;Madrid;Madrid;40,4195185;-3,7026612;Teatro PrÃ­ncipe Gran Vía;Calle de las Tres Cruces 8;Madrid;teatro;ocio;;;;;;;;;;https://photos.google.com/album/AF1QipPeTjEVM6iqX9eTYo84PXkbccPUirzMGqLjJsOG/photo/AF1QipNXqAAL8-zTsfPDKrqPCmXTNz0ZXMmBSfb2RXKG
14264;Madrid;Madrid;40,4076503;-3,7250915;Teatro Quinto;;Madrid;teatro;ocio;;;;;;;;;;https://photos.google.com/album/AF1QipPeTjEVM6iqX9eTYo84PXkbccPUirzMGqLjJsOG/photo/AF1QipOkwW0WJwuH22aT6Y6_ocr1MS5PT5EJc46_DIPh
4512;Cataluña;Barcelona;41,4305166;2,1725195;The New Orleans Coffee & Tea Company;;Barcelona;cafe;hostelería;;;;;;;;;;https://photos.google.com/album/AF1QipPeTjEVM6iqX9eTYo84PXkbccPUirzMGqLjJsOG/photo/AF1QipO8LaNjUDMFBFhCfiUnyYpPxu6tRJPIq_ffVpWe
18519;Andalucía;Málaga;36,6642406;-4,4614229;Tick Tack Arrocería;Calle Rogelio Oliva 15;Málaga;restaurante;hostelería;;;;;;;;;;https://photos.google.com/album/AF1QipPeTjEVM6iqX9eTYo84PXkbccPUirzMGqLjJsOG/photo/AF1QipP8X5wmzk1FRtU21uf84ZtcWTwbHf_UT7s_NyZX
18870;Andalucía;Málaga;36,7222969;-4,4171951;Tiffany's;Calle Alcazabilla 11;Málaga;bar;hostelería;;;;;;;;;;https://photos.google.com/album/AF1QipPeTjEVM6iqX9eTYo84PXkbccPUirzMGqLjJsOG/photo/AF1QipO1cdo7wTpMt09pC9D0cWo26sGcMdP_1bRK1tsS
16280;País Vasco;Vizcaya;43,2754673;-2,9568565;Tirol;;Bilbao;cafe;hostelería;;;;;;;;;;https://photos.google.com/album/AF1QipPeTjEVM6iqX9eTYo84PXkbccPUirzMGqLjJsOG/photo/AF1QipOrIEBAA6MLvH3BpAtLopIzua3MyotXRQJ95ILe
19119;Andalucía;Málaga;36,7272149;-4,3590815;Urte Teatro;;Málaga;teatro;ocio;;;;;;;;;;https://photos.google.com/album/AF1QipPeTjEVM6iqX9eTYo84PXkbccPUirzMGqLjJsOG/photo/AF1QipNyquz-l9H8lH00XjWVxuE0dxo61NKlkpbHAaHL
5806;Madrid;Madrid;40,4128259;-3,7114212;Vanila;;Madrid;restaurante;hostelería;;;;;;;;;;https://photos.google.com/album/AF1QipPeTjEVM6iqX9eTYo84PXkbccPUirzMGqLjJsOG/photo/AF1QipP8X5wmzk1FRtU21uf84ZtcWTwbHf_UT7s_NyZX
5723;Cataluña;Barcelona;41,4043891;2,1576461;Verdi Park Barcelona;Carrer de Torrijos 49;Barcelona;cine;ocio;;;;;;;;;;https://photos.google.com/album/AF1QipPeTjEVM6iqX9eTYo84PXkbccPUirzMGqLjJsOG/photo/AF1QipMr5M-FZIvAdGVmeG-hPpvy_TFte1DVmnqvxaxt
4519;Cataluña;Barcelona;41,3773381;2,1372296;Via Fora!;;Barcelona;cafe;hostelería;;;;;;;;;;https://photos.google.com/album/AF1QipPeTjEVM6iqX9eTYo84PXkbccPUirzMGqLjJsOG/photo/AF1QipMfd0gFk-75r2dBVtex3F_1Lc-YXgoOs0PcgD1Q
12977;Madrid;Madrid;40,4185047;-3,7034827;Vianvi;;Madrid;cafe;hostelería;;;;;;;;;;https://photos.google.com/album/AF1QipPeTjEVM6iqX9eTYo84PXkbccPUirzMGqLjJsOG/photo/AF1QipOrIEBAA6MLvH3BpAtLopIzua3MyotXRQJ95ILe
14376;País Vasco;Vizcaya;43,2941237;-2,9840513;Wok Luck;;Bilbao;restaurante;hostelería;;;;;;;;;;https://photos.google.com/album/AF1QipPeTjEVM6iqX9eTYo84PXkbccPUirzMGqLjJsOG/photo/AF1QipMF-2DO9x21yug5aMkfnIL8GxpY74WBPxUWwUZ-
14256;Madrid;Madrid;40,5410535;-3,6157644;Yelmo Cines;Plaza del comercio 2;Madrid;cine;ocio;;;;;;;;;;https://photos.google.com/album/AF1QipPeTjEVM6iqX9eTYo84PXkbccPUirzMGqLjJsOG/photo/AF1QipMYgeDJ9iq1SgPABdqsniXB1k9KCftRZELwnR-S
17864;Valencia;Valencia;39,469265;-0,3571791;Zazu Lounge Shisha Bar;PlaÃ§a del Periodista Ros Belda, 6, 46021 ValÃ¨ncia, Valencia, Spain 9999;Valencia;bar;hostelería;;;;;;;;;;https://photos.google.com/album/AF1QipPeTjEVM6iqX9eTYo84PXkbccPUirzMGqLjJsOG/photo/AF1QipN11GYMY-YBI7OKxpIc1BWR1Au9sQlQ-ov4akDX
15017;País Vasco;Vizcaya;43,2586397;-2,9365326;Ze;;Bilbao;bar;hostelería;;;;;;;;;;https://photos.google.com/album/AF1QipPeTjEVM6iqX9eTYo84PXkbccPUirzMGqLjJsOG/photo/AF1QipPz1PsYp0NdYqLDbMJeR5mG4WTn7qPFQ07D0Pks
3153;Cataluña;Barcelona;41,3830486;2,1344972;Zim;Carrer de la Dagueria 20;Barcelona;bar;hostelería;;;;;;;;;;https://photos.google.com/album/AF1QipPeTjEVM6iqX9eTYo84PXkbccPUirzMGqLjJsOG/photo/AF1QipPybbQRlSCVfNORaEkO3iiC6CW7NvUbuMslwiWk
