;CA;PROVINCIA;LATITUD;LONGITUD;NOMBRE_LOCAL;DIRECCION;CIUDAD;TIPO;SECTOR;CONTACTO_EMPRESA;EMAIL;TELEFONO;FAKE_ACCESS;ACUM_VERDE;ACUM_AMARILLO;ACUM_ROJO;VALORACIONES;CERTIFICACION;IMAGEN;
4120;Cataluña;Barcelona;414.281.914;21.757.408;Cotxeres;;Barcelona;pub;hostelería;;41.4265862581753, 2.176213594604841;;;;;;;;https://photos.google.com/album/AF1QipPeTjEVM6iqX9eTYo84PXkbccPUirzMGqLjJsOG/photo/AF1QipM_SZQMS9Xkzi64WFvzQbZJXLahYmQkMljPY3tq;
18949;Andalucía;Málaga;36.723.189;-44.190.995;Green Iguana Bar;Calle Ramón Franquelo 8;Málaga;pub;hostelería;;;;;;;;;;https://photos.google.com/album/AF1QipPeTjEVM6iqX9eTYo84PXkbccPUirzMGqLjJsOG/photo/AF1QipM_SZQMS9Xkzi64WFvzQbZJXLahYmQkMljPY3tq;
12131;Madrid;Madrid;404.276.032;-36.963.292;Cafetería Santander;;Madrid;pub;hostelería;;;;;;;;;;https://photos.google.com/album/AF1QipPeTjEVM6iqX9eTYo84PXkbccPUirzMGqLjJsOG/photo/AF1QipM_SZQMS9Xkzi64WFvzQbZJXLahYmQkMljPY3tq;
20534;Andalucía;Sevilla;373.932.044;-60.020.184;Bar restaurante la Gallega;;Sevilla;pub;hostelería;;;;;;;;;;https://photos.google.com/album/AF1QipPeTjEVM6iqX9eTYo84PXkbccPUirzMGqLjJsOG/photo/AF1QipM_SZQMS9Xkzi64WFvzQbZJXLahYmQkMljPY3tq;
18067;Valencia;Valencia;394.458.878;-0.3893134;Barrilito;;Valencia;pub;hostelería;;;;;;;;;;https://photos.google.com/album/AF1QipPeTjEVM6iqX9eTYo84PXkbccPUirzMGqLjJsOG/photo/AF1QipM_SZQMS9Xkzi64WFvzQbZJXLahYmQkMljPY3tq;
16126;País Vasco;Vizcaya;4.326.511;-29.437.959;Cervecería Mugarri;;Bilbao;pub;hostelería;;;;;;;;;;https://photos.google.com/album/AF1QipPeTjEVM6iqX9eTYo84PXkbccPUirzMGqLjJsOG/photo/AF1QipM_SZQMS9Xkzi64WFvzQbZJXLahYmQkMljPY3tq;
4518;Cataluña;Barcelona;413.770.183;21.352.388;El Racó de la Xemenea;Carrer del Miracle 50-52;Barcelona;cafe;hostelería;;;;;;;;;;https://photos.google.com/album/AF1QipPeTjEVM6iqX9eTYo84PXkbccPUirzMGqLjJsOG/photo/AF1QipMaUHGpmOm0qVrH2W2Aa3PsClPUXrmNgzheUXL2;
18966;Andalucía;Málaga;367.211.582;-44.215.087;Café Central;Plaza de la Constitución 11;Málaga;cafe;hostelería;;;;;;;;;;https://photos.google.com/album/AF1QipPeTjEVM6iqX9eTYo84PXkbccPUirzMGqLjJsOG/photo/AF1QipMaUHGpmOm0qVrH2W2Aa3PsClPUXrmNgzheUXL2;
12978;Madrid;Madrid;404.193.676;-3.703.326;OVNI;Calle de la Salud 13;Madrid;cafe;hostelería;;;;;;;;;;https://photos.google.com/album/AF1QipPeTjEVM6iqX9eTYo84PXkbccPUirzMGqLjJsOG/photo/AF1QipMaUHGpmOm0qVrH2W2Aa3PsClPUXrmNgzheUXL2;
20676;Andalucía;Sevilla;37.392.956;-59.990.458;Bodegon Alfonso XII;NO STREET 33;Sevilla;cafe;hostelería;;;;;;;;;;https://photos.google.com/album/AF1QipPeTjEVM6iqX9eTYo84PXkbccPUirzMGqLjJsOG/photo/AF1QipMaUHGpmOm0qVrH2W2Aa3PsClPUXrmNgzheUXL2;
18199;Valencia;Valencia;394.737.971;-0.3836228;Café Clasic;;Valencia;cafe;hostelería;;;;;;;;;;https://photos.google.com/album/AF1QipPeTjEVM6iqX9eTYo84PXkbccPUirzMGqLjJsOG/photo/AF1QipMaUHGpmOm0qVrH2W2Aa3PsClPUXrmNgzheUXL2;
16281;País Vasco;Vizcaya;432.762.978;-29.561.928;NO NAME;;Bilbao;cafe;hostelería;;;;;;;;;;https://photos.google.com/album/AF1QipPeTjEVM6iqX9eTYo84PXkbccPUirzMGqLjJsOG/photo/AF1QipMaUHGpmOm0qVrH2W2Aa3PsClPUXrmNgzheUXL2;
1;Cataluña;Barcelona;413.836.428;21.583.028;Amaltea;;Barcelona;restaurante;hostelería;;;;;;;;;;https://photos.google.com/album/AF1QipPeTjEVM6iqX9eTYo84PXkbccPUirzMGqLjJsOG/photo/AF1QipMF-2DO9x21yug5aMkfnIL8GxpY74WBPxUWwUZ-;
18722;Andalucía;Málaga;36.720.179;-44.208.935;La Barra de Zapata;Calle Salinas 10;Málaga;restaurante;hostelería;;;;;;;;;;https://photos.google.com/album/AF1QipPeTjEVM6iqX9eTYo84PXkbccPUirzMGqLjJsOG/photo/AF1QipMF-2DO9x21yug5aMkfnIL8GxpY74WBPxUWwUZ-;
9863;Madrid;Madrid;403.509.478;-38.913.527;Restaurante Viña Gabaldón;Avenida de Quitapesares 74;Madrid;restaurante;hostelería;;;;;;;;;;https://photos.google.com/album/AF1QipPeTjEVM6iqX9eTYo84PXkbccPUirzMGqLjJsOG/photo/AF1QipMF-2DO9x21yug5aMkfnIL8GxpY74WBPxUWwUZ-;
19319;Andalucía;Sevilla;374.120.709;-5.959.816;Mesón Orosierra;;Sevilla;restaurante;hostelería;;;;;;;;;;https://photos.google.com/album/AF1QipPeTjEVM6iqX9eTYo84PXkbccPUirzMGqLjJsOG/photo/AF1QipMF-2DO9x21yug5aMkfnIL8GxpY74WBPxUWwUZ-;
16824;Valencia;Valencia;394.710.138;-0.3806733;Les Roques;;Valencia;restaurante;hostelería;;;;;;;;;;https://photos.google.com/album/AF1QipPeTjEVM6iqX9eTYo84PXkbccPUirzMGqLjJsOG/photo/AF1QipMF-2DO9x21yug5aMkfnIL8GxpY74WBPxUWwUZ-;
14376;País Vasco;Vizcaya;432.941.237;-29.840.513;Wok Luck;;Bilbao;restaurante;hostelería;;;;;;;;;;https://photos.google.com/album/AF1QipPeTjEVM6iqX9eTYo84PXkbccPUirzMGqLjJsOG/photo/AF1QipMF-2DO9x21yug5aMkfnIL8GxpY74WBPxUWwUZ-;
4519;Cataluña;Barcelona;413.773.381;21.372.296;Via Fora!;;Barcelona;cafe;hostelería;;;;;;;;;;https://photos.google.com/album/AF1QipPeTjEVM6iqX9eTYo84PXkbccPUirzMGqLjJsOG/photo/AF1QipMfd0gFk-75r2dBVtex3F_1Lc-YXgoOs0PcgD1Q;
18967;Andalucía;Málaga;366.763.364;-44.915.633;Starbucks;;Málaga;cafe;hostelería;;;;;;;;;;https://photos.google.com/album/AF1QipPeTjEVM6iqX9eTYo84PXkbccPUirzMGqLjJsOG/photo/AF1QipMfd0gFk-75r2dBVtex3F_1Lc-YXgoOs0PcgD1Q;
12979;Madrid;Madrid;404.202.661;-37.028.563;Starbucks;;Madrid;cafe;hostelería;;;;;;;;;;https://photos.google.com/album/AF1QipPeTjEVM6iqX9eTYo84PXkbccPUirzMGqLjJsOG/photo/AF1QipMfd0gFk-75r2dBVtex3F_1Lc-YXgoOs0PcgD1Q;
20677;Andalucía;Sevilla;373.923.366;-59.903.344;Cafetería Gaspump Garage;;Sevilla;cafe;hostelería;;;;;;;;;;https://photos.google.com/album/AF1QipPeTjEVM6iqX9eTYo84PXkbccPUirzMGqLjJsOG/photo/AF1QipMfd0gFk-75r2dBVtex3F_1Lc-YXgoOs0PcgD1Q;
18200;Valencia;Valencia;394.751.587;-0.3823877;Bar Azahar;;Valencia;cafe;hostelería;;;;;;;;;;https://photos.google.com/album/AF1QipPeTjEVM6iqX9eTYo84PXkbccPUirzMGqLjJsOG/photo/AF1QipMfd0gFk-75r2dBVtex3F_1Lc-YXgoOs0PcgD1Q;
16282;País Vasco;Vizcaya;432.767.133;-29.590.876;NO NAME;;Bilbao;cafe;hostelería;;;;;;;;;;https://photos.google.com/album/AF1QipPeTjEVM6iqX9eTYo84PXkbccPUirzMGqLjJsOG/photo/AF1QipMfd0gFk-75r2dBVtex3F_1Lc-YXgoOs0PcgD1Q;
2;Cataluña;Barcelona;413.895.184;21.621.769;Hanibishi;;Barcelona;restaurante;hostelería;;;;;;;;;;https://photos.google.com/album/AF1QipPeTjEVM6iqX9eTYo84PXkbccPUirzMGqLjJsOG/photo/AF1QipMfnJ4v7xZ7usmSlQegeDG-ZzF-HxSHIhyqYzyh;
18702;Andalucía;Málaga;367.216.041;-44.015.326;Restaurante De Sancha;Paseo de Sancha 30;Málaga;restaurante;hostelería;;;;;;;;;;https://photos.google.com/album/AF1QipPeTjEVM6iqX9eTYo84PXkbccPUirzMGqLjJsOG/photo/AF1QipMfnJ4v7xZ7usmSlQegeDG-ZzF-HxSHIhyqYzyh;
6081;Madrid;Madrid;404.508.807;-3.470.851;La Ruta del Pescador;Carretera de Loeches 27;Madrid;restaurante;hostelería;;;;;;;;;;https://photos.google.com/album/AF1QipPeTjEVM6iqX9eTYo84PXkbccPUirzMGqLjJsOG/photo/AF1QipMfnJ4v7xZ7usmSlQegeDG-ZzF-HxSHIhyqYzyh;
19122;Andalucía;Sevilla;373.881.734;-59.218.547;Pizzeria Maria;;Sevilla;restaurante;hostelería;;;;;;;;;;https://photos.google.com/album/AF1QipPeTjEVM6iqX9eTYo84PXkbccPUirzMGqLjJsOG/photo/AF1QipMfnJ4v7xZ7usmSlQegeDG-ZzF-HxSHIhyqYzyh;
16825;Valencia;Valencia;394.708.998;-0.3812193;La Masía del Vino;;Valencia;restaurante;hostelería;;;;;;;;;;https://photos.google.com/album/AF1QipPeTjEVM6iqX9eTYo84PXkbccPUirzMGqLjJsOG/photo/AF1QipMfnJ4v7xZ7usmSlQegeDG-ZzF-HxSHIhyqYzyh;
14365;País Vasco;Vizcaya;432.627.846;-29.309.044;Asia chic;Calle Ledesma / Ledesma kalea 30;Bilbao;restaurante;hostelería;;;;;;;;;;https://photos.google.com/album/AF1QipPeTjEVM6iqX9eTYo84PXkbccPUirzMGqLjJsOG/photo/AF1QipMfnJ4v7xZ7usmSlQegeDG-ZzF-HxSHIhyqYzyh;
5723;Cataluña;Barcelona;414.043.891;21.576.461;Verdi Park Barcelona;Carrer de Torrijos 49;Barcelona;cine;ocio;;;;;;;;;;https://photos.google.com/album/AF1QipPeTjEVM6iqX9eTYo84PXkbccPUirzMGqLjJsOG/photo/AF1QipMr5M-FZIvAdGVmeG-hPpvy_TFte1DVmnqvxaxt;
19113;Andalucía;Málaga;366.850.666;-4.472.571;CineSur;Calle Jaén 1;Málaga;cine;ocio;;;;;;;;;;https://photos.google.com/album/AF1QipPeTjEVM6iqX9eTYo84PXkbccPUirzMGqLjJsOG/photo/AF1QipMr5M-FZIvAdGVmeG-hPpvy_TFte1DVmnqvxaxt;
14218;Madrid;Madrid;405.058.052;-33.332.894;Cines La Dehesa;;Madrid;cine;ocio;;;;;;;;;;https://photos.google.com/album/AF1QipPeTjEVM6iqX9eTYo84PXkbccPUirzMGqLjJsOG/photo/AF1QipMr5M-FZIvAdGVmeG-hPpvy_TFte1DVmnqvxaxt;
20948;Andalucía;Sevilla;373.839.734;-59.725.307;Cinesur Nervión Plaza 3D;;Sevilla;cine;ocio;;;;;;;;;;https://photos.google.com/album/AF1QipPeTjEVM6iqX9eTYo84PXkbccPUirzMGqLjJsOG/photo/AF1QipMr5M-FZIvAdGVmeG-hPpvy_TFte1DVmnqvxaxt;
18485;Valencia;Valencia;394.696.945;-0.3572292;Cines Babel;Carrer de Vicent Sancho Tello 10;Valencia;cine;ocio;;;;;;;;;;https://photos.google.com/album/AF1QipPeTjEVM6iqX9eTYo84PXkbccPUirzMGqLjJsOG/photo/AF1QipMr5M-FZIvAdGVmeG-hPpvy_TFte1DVmnqvxaxt;
16814;País Vasco;Vizcaya;43.287.278;-30.072.946;Coliseo Max Ocio;;Bilbao;cine;ocio;;;;;;;;;;https://photos.google.com/album/AF1QipPeTjEVM6iqX9eTYo84PXkbccPUirzMGqLjJsOG/photo/AF1QipMr5M-FZIvAdGVmeG-hPpvy_TFte1DVmnqvxaxt;
5793;Cataluña;Barcelona;413.704.842;21.232.532;Auditori la Torrassa;Carrer de Santiago Apòstol 40;Barcelona;teatro;ocio;;;;;;;;;;https://photos.google.com/album/AF1QipPeTjEVM6iqX9eTYo84PXkbccPUirzMGqLjJsOG/photo/AF1QipMs9-mQgXQ-IflaElpBrlfl-hRmrCvoXHWPnhAK;
19118;Andalucía;Málaga;367.359.502;-44.229.388;Colectivo Cultural Maynake;Calle San Juan Bosco 79;Málaga;teatro;ocio;;;;;;;;;;https://photos.google.com/album/AF1QipPeTjEVM6iqX9eTYo84PXkbccPUirzMGqLjJsOG/photo/AF1QipMs9-mQgXQ-IflaElpBrlfl-hRmrCvoXHWPnhAK;
14266;Madrid;Madrid;404.183.658;-37.032.747;Teatro Muñoz Seca;Plaza del Carmen 1;Madrid;teatro;ocio;;;;;;;;;;https://photos.google.com/album/AF1QipPeTjEVM6iqX9eTYo84PXkbccPUirzMGqLjJsOG/photo/AF1QipMs9-mQgXQ-IflaElpBrlfl-hRmrCvoXHWPnhAK;
20964;Andalucía;Sevilla;373.810.586;-59.735.217;carmen del monte;;Sevilla;teatro;ocio;;;;;;;;;;https://photos.google.com/album/AF1QipPeTjEVM6iqX9eTYo84PXkbccPUirzMGqLjJsOG/photo/AF1QipMs9-mQgXQ-IflaElpBrlfl-hRmrCvoXHWPnhAK;
18493;Valencia;Valencia;394.715.046;-0.3812925;Teatro Círculo;;Valencia;teatro;ocio;;;;;;;;;;https://photos.google.com/album/AF1QipPeTjEVM6iqX9eTYo84PXkbccPUirzMGqLjJsOG/photo/AF1QipMs9-mQgXQ-IflaElpBrlfl-hRmrCvoXHWPnhAK;
4509;Cataluña;Barcelona;413.823.971;20.740.829;Parador;;Barcelona;cafe;hostelería;;;;;;;;;;https://photos.google.com/album/AF1QipPeTjEVM6iqX9eTYo84PXkbccPUirzMGqLjJsOG/photo/AF1QipMwE506czVoZaYhhBk0Vgcjv0ThpqkTT9OZrDmh;
4510;Cataluña;Barcelona;413.803.452;2.170.768;Mendizabal;;Barcelona;cafe;hostelería;;;;;;;;;;https://photos.google.com/album/AF1QipPeTjEVM6iqX9eTYo84PXkbccPUirzMGqLjJsOG/photo/AF1QipMwE506czVoZaYhhBk0Vgcjv0ThpqkTT9OZrDmh;
4511;Cataluña;Barcelona;41.438.684;22.171.549;Rin;carrer de Pérez Galdós 29;Barcelona;cafe;hostelería;;;;;;;;;;https://photos.google.com/album/AF1QipPeTjEVM6iqX9eTYo84PXkbccPUirzMGqLjJsOG/photo/AF1QipMwE506czVoZaYhhBk0Vgcjv0ThpqkTT9OZrDmh;
4520;Cataluña;Barcelona;413.781.031;21.705.853;El cafè de les delícies;;Barcelona;cafe;hostelería;;;;;;;;;;https://photos.google.com/album/AF1QipPeTjEVM6iqX9eTYo84PXkbccPUirzMGqLjJsOG/photo/AF1QipMwE506czVoZaYhhBk0Vgcjv0ThpqkTT9OZrDmh;
18983;Andalucía;Málaga;367.209.488;-4.422.846;Roldan Panade;;Málaga;cafe;hostelería;;;;;;;;;;https://photos.google.com/album/AF1QipPeTjEVM6iqX9eTYo84PXkbccPUirzMGqLjJsOG/photo/AF1QipMwE506czVoZaYhhBk0Vgcjv0ThpqkTT9OZrDmh;
18987;Andalucía;Málaga;36.720.926;-43.590.815;Salón Florido;;Málaga;cafe;hostelería;;;;;;;;;;https://photos.google.com/album/AF1QipPeTjEVM6iqX9eTYo84PXkbccPUirzMGqLjJsOG/photo/AF1QipMwE506czVoZaYhhBk0Vgcjv0ThpqkTT9OZrDmh;
18990;Andalucía;Málaga;366.887.762;-4.455.462;Café Molière;Calle Palma del Río 19;Málaga;cafe;hostelería;;;;;;;;;;https://photos.google.com/album/AF1QipPeTjEVM6iqX9eTYo84PXkbccPUirzMGqLjJsOG/photo/AF1QipMwE506czVoZaYhhBk0Vgcjv0ThpqkTT9OZrDmh;
18968;Andalucía;Málaga;366.830.024;-44.707.306;Caffe Pascucci Shop Malaga;;Málaga;cafe;hostelería;;;;;;;;;;https://photos.google.com/album/AF1QipPeTjEVM6iqX9eTYo84PXkbccPUirzMGqLjJsOG/photo/AF1QipMwE506czVoZaYhhBk0Vgcjv0ThpqkTT9OZrDmh;
13100;Madrid;Madrid;404.600.259;-34.608.224;Ramos;;Madrid;cafe;hostelería;;;;;;;;;;https://photos.google.com/album/AF1QipPeTjEVM6iqX9eTYo84PXkbccPUirzMGqLjJsOG/photo/AF1QipMwE506czVoZaYhhBk0Vgcjv0ThpqkTT9OZrDmh;
13018;Madrid;Madrid;404.254;-37.072.729;Bake Bar;Calle de San Bernardo 58;Madrid;cafe;hostelería;;;;;;;;;;https://photos.google.com/album/AF1QipPeTjEVM6iqX9eTYo84PXkbccPUirzMGqLjJsOG/photo/AF1QipMwE506czVoZaYhhBk0Vgcjv0ThpqkTT9OZrDmh;
12971;Madrid;Madrid;404.167.458;-37.101.814;Anticafé;Calle de la Unión 2;Madrid;cafe;hostelería;;;;;;;;;;https://photos.google.com/album/AF1QipPeTjEVM6iqX9eTYo84PXkbccPUirzMGqLjJsOG/photo/AF1QipMwE506czVoZaYhhBk0Vgcjv0ThpqkTT9OZrDmh;
12980;Madrid;Madrid;404.200.282;-37.054.691;Starbucks;Plaza de Callao 4;Madrid;cafe;hostelería;;;;;;;;;;https://photos.google.com/album/AF1QipPeTjEVM6iqX9eTYo84PXkbccPUirzMGqLjJsOG/photo/AF1QipMwE506czVoZaYhhBk0Vgcjv0ThpqkTT9OZrDmh;
20732;Andalucía;Sevilla;373.651.169;-59.787.395;Cafetería Ilundáin;;Sevilla;cafe;hostelería;;;;;;;;;;https://photos.google.com/album/AF1QipPeTjEVM6iqX9eTYo84PXkbccPUirzMGqLjJsOG/photo/AF1QipMwE506czVoZaYhhBk0Vgcjv0ThpqkTT9OZrDmh;
20725;Andalucía;Sevilla;373.832.345;-59.871.066;Horno San Bernardo;Avda. Menéndez y Pelayo 9999;Sevilla;cafe;hostelería;;;;;;;;;;https://photos.google.com/album/AF1QipPeTjEVM6iqX9eTYo84PXkbccPUirzMGqLjJsOG/photo/AF1QipMwE506czVoZaYhhBk0Vgcjv0ThpqkTT9OZrDmh;
20669;Andalucía;Sevilla;373.828.911;-59.721.654;Cafe de Indias;;Sevilla;cafe;hostelería;;;;;;;;;;https://photos.google.com/album/AF1QipPeTjEVM6iqX9eTYo84PXkbccPUirzMGqLjJsOG/photo/AF1QipMwE506czVoZaYhhBk0Vgcjv0ThpqkTT9OZrDmh;
20678;Andalucía;Sevilla;373.893.782;-59.845.627;NO NAME;;Sevilla;cafe;hostelería;;;;;;;;;;https://photos.google.com/album/AF1QipPeTjEVM6iqX9eTYo84PXkbccPUirzMGqLjJsOG/photo/AF1QipMwE506czVoZaYhhBk0Vgcjv0ThpqkTT9OZrDmh;
18190;Valencia;Valencia;394.726.864;-0.3804083;Bar Valencia;;Valencia;cafe;hostelería;;;;;;;;;;https://photos.google.com/album/AF1QipPeTjEVM6iqX9eTYo84PXkbccPUirzMGqLjJsOG/photo/AF1QipMwE506czVoZaYhhBk0Vgcjv0ThpqkTT9OZrDmh;
18191;Valencia;Valencia;394.725.895;-0.3803718;Cafés Valiente;;Valencia;cafe;hostelería;;;;;;;;;;https://photos.google.com/album/AF1QipPeTjEVM6iqX9eTYo84PXkbccPUirzMGqLjJsOG/photo/AF1QipMwE506czVoZaYhhBk0Vgcjv0ThpqkTT9OZrDmh;
18192;Valencia;Valencia;39.471.011;-0.3818602;Ni pa ti ni pa mi;;Valencia;cafe;hostelería;;;;;;;;;;https://photos.google.com/album/AF1QipPeTjEVM6iqX9eTYo84PXkbccPUirzMGqLjJsOG/photo/AF1QipMwE506czVoZaYhhBk0Vgcjv0ThpqkTT9OZrDmh;
18201;Valencia;Valencia;394.747.931;-0.3810849;Ca Revolta;;Valencia;cafe;hostelería;;;;;;;;;;https://photos.google.com/album/AF1QipPeTjEVM6iqX9eTYo84PXkbccPUirzMGqLjJsOG/photo/AF1QipMwE506czVoZaYhhBk0Vgcjv0ThpqkTT9OZrDmh;
16272;País Vasco;Vizcaya;432.546.807;-29.223.182;Hikaateneo Bilbao;;Bilbao;cafe;hostelería;;;;;;;;;;https://photos.google.com/album/AF1QipPeTjEVM6iqX9eTYo84PXkbccPUirzMGqLjJsOG/photo/AF1QipMwE506czVoZaYhhBk0Vgcjv0ThpqkTT9OZrDmh;
16273;País Vasco;Vizcaya;432.625.876;-29.343.305;Cafe & Te GR Compañía del trópico;;Bilbao;cafe;hostelería;;;;;;;;;;https://photos.google.com/album/AF1QipPeTjEVM6iqX9eTYo84PXkbccPUirzMGqLjJsOG/photo/AF1QipMwE506czVoZaYhhBk0Vgcjv0ThpqkTT9OZrDmh;
16274;País Vasco;Vizcaya;433.313.924;-2.967.459;Garai;;Bilbao;cafe;hostelería;;;;;;;;;;https://photos.google.com/album/AF1QipPeTjEVM6iqX9eTYo84PXkbccPUirzMGqLjJsOG/photo/AF1QipMwE506czVoZaYhhBk0Vgcjv0ThpqkTT9OZrDmh;
16283;País Vasco;Vizcaya;4.327.508;-29.567.742;Josebar;;Bilbao;cafe;hostelería;;;;;;;;;;https://photos.google.com/album/AF1QipPeTjEVM6iqX9eTYo84PXkbccPUirzMGqLjJsOG/photo/AF1QipMwE506czVoZaYhhBk0Vgcjv0ThpqkTT9OZrDmh;
5737;Cataluña;Barcelona;414.090.866;21.718.056;Phenomena;Carrer de Sant Antoni Maria Claret 168;Barcelona;cine;ocio;;;;;;;;;;https://photos.google.com/album/AF1QipPeTjEVM6iqX9eTYo84PXkbccPUirzMGqLjJsOG/photo/AF1QipMYgeDJ9iq1SgPABdqsniXB1k9KCftRZELwnR-S;
19116;Andalucía;Málaga;36.691.301;-44.870.626;Autocines Málaga;Carretera Azucarera-Intelhorce 9999;Málaga;cine;ocio;;;;;;;;;;https://photos.google.com/album/AF1QipPeTjEVM6iqX9eTYo84PXkbccPUirzMGqLjJsOG/photo/AF1QipMYgeDJ9iq1SgPABdqsniXB1k9KCftRZELwnR-S;
14256;Madrid;Madrid;405.410.535;-36.157.644;Yelmo Cines;Plaza del comercio 2;Madrid;cine;ocio;;;;;;;;;;https://photos.google.com/album/AF1QipPeTjEVM6iqX9eTYo84PXkbccPUirzMGqLjJsOG/photo/AF1QipMYgeDJ9iq1SgPABdqsniXB1k9KCftRZELwnR-S;
20949;Andalucía;Sevilla;373.923.581;-60.018.093;Cines Avenida;Calle Marqués de Paradas 15;Sevilla;cine;ocio;;;;;;;;;;https://photos.google.com/album/AF1QipPeTjEVM6iqX9eTYo84PXkbccPUirzMGqLjJsOG/photo/AF1QipMYgeDJ9iq1SgPABdqsniXB1k9KCftRZELwnR-S;
18486;Valencia;Valencia;395.303.813;-0.4405437;Kinepolis Valencia;;Valencia;cine;ocio;;;;;;;;;;https://photos.google.com/album/AF1QipPeTjEVM6iqX9eTYo84PXkbccPUirzMGqLjJsOG/photo/AF1QipMYgeDJ9iq1SgPABdqsniXB1k9KCftRZELwnR-S;
16815;País Vasco;Vizcaya;433.408.796;-29.906.333;Cines Yelmo Artea;;Bilbao;cine;ocio;;;;;;;;;;https://photos.google.com/album/AF1QipPeTjEVM6iqX9eTYo84PXkbccPUirzMGqLjJsOG/photo/AF1QipMYgeDJ9iq1SgPABdqsniXB1k9KCftRZELwnR-S;
4121;Cataluña;Barcelona;413.932.336;21.884.994;Bar Nuria;;Barcelona;pub;hostelería;;;;;;;;;;https://photos.google.com/album/AF1QipPeTjEVM6iqX9eTYo84PXkbccPUirzMGqLjJsOG/photo/AF1QipMYHv09IK73Xz513_hKb9XeQDYq7d8j1jpZdnJc;
18931;Andalucía;Málaga;367.229.048;-44.207.244;Morrissey's;;Málaga;pub;hostelería;;;;;;;;;;https://photos.google.com/album/AF1QipPeTjEVM6iqX9eTYo84PXkbccPUirzMGqLjJsOG/photo/AF1QipMYHv09IK73Xz513_hKb9XeQDYq7d8j1jpZdnJc;
12132;Madrid;Madrid;404.097.328;-37.010.866;Café Melo's;Calle del Ave María 44;Madrid;pub;hostelería;;;;;;;;;;https://photos.google.com/album/AF1QipPeTjEVM6iqX9eTYo84PXkbccPUirzMGqLjJsOG/photo/AF1QipMYHv09IK73Xz513_hKb9XeQDYq7d8j1jpZdnJc;
20535;Andalucía;Sevilla;373.932.365;-60.018.901;Taberna La Saeta;;Sevilla;pub;hostelería;;;;;;;;;;https://photos.google.com/album/AF1QipPeTjEVM6iqX9eTYo84PXkbccPUirzMGqLjJsOG/photo/AF1QipMYHv09IK73Xz513_hKb9XeQDYq7d8j1jpZdnJc;
18068;Valencia;Valencia;394.460.559;-0.3881601;NO NAME;;Valencia;pub;hostelería;;;;;;;;;;https://photos.google.com/album/AF1QipPeTjEVM6iqX9eTYo84PXkbccPUirzMGqLjJsOG/photo/AF1QipMYHv09IK73Xz513_hKb9XeQDYq7d8j1jpZdnJc;
16127;País Vasco;Vizcaya;432.612.043;-29.256.045;Bilbo beer;Calle Amistad / Adiskidetasun kalea 4;Bilbao;pub;hostelería;;;;;;;;;;https://photos.google.com/album/AF1QipPeTjEVM6iqX9eTYo84PXkbccPUirzMGqLjJsOG/photo/AF1QipMYHv09IK73Xz513_hKb9XeQDYq7d8j1jpZdnJc;
3144;Cataluña;Barcelona;413.857.962;21.748.362;Cala del Vermouth;;Barcelona;bar;hostelería;;;;;;;;;;https://photos.google.com/album/AF1QipPeTjEVM6iqX9eTYo84PXkbccPUirzMGqLjJsOG/photo/AF1QipN11GYMY-YBI7OKxpIc1BWR1Au9sQlQ-ov4akDX;
3150;Cataluña;Barcelona;413.774.104;21.373.163;Lugar de Tapas;;Barcelona;bar;hostelería;;;;;;;;;;https://photos.google.com/album/AF1QipPeTjEVM6iqX9eTYo84PXkbccPUirzMGqLjJsOG/photo/AF1QipN11GYMY-YBI7OKxpIc1BWR1Au9sQlQ-ov4akDX;
18899;Andalucía;Málaga;367.220.033;-44.189.788;Casa Lola;;Málaga;bar;hostelería;;;;;;;;;;https://photos.google.com/album/AF1QipPeTjEVM6iqX9eTYo84PXkbccPUirzMGqLjJsOG/photo/AF1QipN11GYMY-YBI7OKxpIc1BWR1Au9sQlQ-ov4akDX;
18872;Andalucía;Málaga;3.672.382;-44.173.389;Café Bar Calle de Bruselas;Plaza de la Merced 17;Málaga;bar;hostelería;;;;;;;;;;https://photos.google.com/album/AF1QipPeTjEVM6iqX9eTYo84PXkbccPUirzMGqLjJsOG/photo/AF1QipN11GYMY-YBI7OKxpIc1BWR1Au9sQlQ-ov4akDX;
10321;Madrid;Madrid;404.256.418;-37.121.995;Mür Café;Plaza de Cristino Martos 2;Madrid;bar;hostelería;;;;;;;;;;https://photos.google.com/album/AF1QipPeTjEVM6iqX9eTYo84PXkbccPUirzMGqLjJsOG/photo/AF1QipN11GYMY-YBI7OKxpIc1BWR1Au9sQlQ-ov4akDX;
10327;Madrid;Madrid;404.128.038;-3.695.685;La Hidria;;Madrid;bar;hostelería;;;;;;;;;;https://photos.google.com/album/AF1QipPeTjEVM6iqX9eTYo84PXkbccPUirzMGqLjJsOG/photo/AF1QipN11GYMY-YBI7OKxpIc1BWR1Au9sQlQ-ov4akDX;
19847;Andalucía;Sevilla;37.390.422;-59.920.791;Europa;;Sevilla;bar;hostelería;;;;;;;;;;https://photos.google.com/album/AF1QipPeTjEVM6iqX9eTYo84PXkbccPUirzMGqLjJsOG/photo/AF1QipN11GYMY-YBI7OKxpIc1BWR1Au9sQlQ-ov4akDX;
19853;Andalucía;Sevilla;373.904.153;-59.912.639;Al Cartuchito;;Sevilla;bar;hostelería;;;;;;;;;;https://photos.google.com/album/AF1QipPeTjEVM6iqX9eTYo84PXkbccPUirzMGqLjJsOG/photo/AF1QipN11GYMY-YBI7OKxpIc1BWR1Au9sQlQ-ov4akDX;
17858;Valencia;Valencia;39.485.786;-0.3997385;Bar Les Tendetes;;Valencia;bar;hostelería;;;;;;;;;;https://photos.google.com/album/AF1QipPeTjEVM6iqX9eTYo84PXkbccPUirzMGqLjJsOG/photo/AF1QipN11GYMY-YBI7OKxpIc1BWR1Au9sQlQ-ov4akDX;
17864;Valencia;Valencia;39.469.265;-0.3571791;Zazu Lounge Shisha Bar;Plaça del Periodista Ros Belda, 6, 46021 València, Valencia, Spain 9999;Valencia;bar;hostelería;;;;;;;;;;https://photos.google.com/album/AF1QipPeTjEVM6iqX9eTYo84PXkbccPUirzMGqLjJsOG/photo/AF1QipN11GYMY-YBI7OKxpIc1BWR1Au9sQlQ-ov4akDX;
15032;País Vasco;Vizcaya;432.403.524;-29.226.366;Ferrobarril;;Bilbao;bar;hostelería;;;;;;;;;;https://photos.google.com/album/AF1QipPeTjEVM6iqX9eTYo84PXkbccPUirzMGqLjJsOG/photo/AF1QipN11GYMY-YBI7OKxpIc1BWR1Au9sQlQ-ov4akDX;
15020;País Vasco;Vizcaya;433.492.224;-30.103.377;Eneko;;Bilbao;bar;hostelería;;;;;;;;;;https://photos.google.com/album/AF1QipPeTjEVM6iqX9eTYo84PXkbccPUirzMGqLjJsOG/photo/AF1QipN11GYMY-YBI7OKxpIc1BWR1Au9sQlQ-ov4akDX;
3;Cataluña;Barcelona;413.899.967;21.318.367;Moncho's House;;Barcelona;restaurante;hostelería;;;;;;;;;;https://photos.google.com/album/AF1QipPeTjEVM6iqX9eTYo84PXkbccPUirzMGqLjJsOG/photo/AF1QipN4XbH6Z-B3fo4DHGTlUcDUA1u3aLWI2bQLsfj5;
18713;Andalucía;Málaga;367.186.239;-44.107.136;Restaurante Marrakech;Avenida Cánovas del Castillo 12;Málaga;restaurante;hostelería;;;;;;;;;;https://photos.google.com/album/AF1QipPeTjEVM6iqX9eTYo84PXkbccPUirzMGqLjJsOG/photo/AF1QipN4XbH6Z-B3fo4DHGTlUcDUA1u3aLWI2bQLsfj5;
5797;Madrid;Madrid;40.428.732;-37.020.018;Café Comercial;Glorieta de Bilbao 7;Madrid;restaurante;hostelería;;;;;;;;;;https://photos.google.com/album/AF1QipPeTjEVM6iqX9eTYo84PXkbccPUirzMGqLjJsOG/photo/AF1QipN4XbH6Z-B3fo4DHGTlUcDUA1u3aLWI2bQLsfj5;
19123;Andalucía;Sevilla;37.387.228;-59.217.397;Cafetería Rui;;Sevilla;restaurante;hostelería;;;;;;;;;;https://photos.google.com/album/AF1QipPeTjEVM6iqX9eTYo84PXkbccPUirzMGqLjJsOG/photo/AF1QipN4XbH6Z-B3fo4DHGTlUcDUA1u3aLWI2bQLsfj5;
16826;Valencia;Valencia;39.470.892;-0.3830845;Aladino;;Valencia;restaurante;hostelería;;;;;;;;;;https://photos.google.com/album/AF1QipPeTjEVM6iqX9eTYo84PXkbccPUirzMGqLjJsOG/photo/AF1QipN4XbH6Z-B3fo4DHGTlUcDUA1u3aLWI2bQLsfj5;
14382;País Vasco;Vizcaya;433.268.089;-30.125.475;Casa Mao;;Bilbao;restaurante;hostelería;;;;;;;;;;https://photos.google.com/album/AF1QipPeTjEVM6iqX9eTYo84PXkbccPUirzMGqLjJsOG/photo/AF1QipN4XbH6Z-B3fo4DHGTlUcDUA1u3aLWI2bQLsfj5;
4;Cataluña;Barcelona;413.836.716;21.806.392;Taller de Tapas;l'Argenteria 51;Barcelona;restaurante;hostelería;;;;;;;;;;https://photos.google.com/album/AF1QipPeTjEVM6iqX9eTYo84PXkbccPUirzMGqLjJsOG/photo/AF1QipN5ykYrD9ZfkKDSCVJLq0imRFGxe_9ORTd8Nmj_;
135;Cataluña;Barcelona;413.819.896;21.696.228;Dos Trece;Carrer del Carme 40;Barcelona;restaurante;hostelería;;;;;;;;;;https://photos.google.com/album/AF1QipPeTjEVM6iqX9eTYo84PXkbccPUirzMGqLjJsOG/photo/AF1QipN5ykYrD9ZfkKDSCVJLq0imRFGxe_9ORTd8Nmj_;
18512;Andalucía;Málaga;366.658.659;-44.646.231;Frascati;Calle Rogelio Oliva 29;Málaga;restaurante;hostelería;;;;;;;;;;https://photos.google.com/album/AF1QipPeTjEVM6iqX9eTYo84PXkbccPUirzMGqLjJsOG/photo/AF1QipN5ykYrD9ZfkKDSCVJLq0imRFGxe_9ORTd8Nmj_;
5798;Madrid;Madrid;404.245.836;-3.709.622;Rey de Tallarines;Plaza del Conde de Toreno 2;Madrid;restaurante;hostelería;;;;;;;;;;https://photos.google.com/album/AF1QipPeTjEVM6iqX9eTYo84PXkbccPUirzMGqLjJsOG/photo/AF1QipN5ykYrD9ZfkKDSCVJLq0imRFGxe_9ORTd8Nmj_;
19124;Andalucía;Sevilla;373.875.844;-59.199.692;NO NAME;;Sevilla;restaurante;hostelería;;;;;;;;;;https://photos.google.com/album/AF1QipPeTjEVM6iqX9eTYo84PXkbccPUirzMGqLjJsOG/photo/AF1QipN5ykYrD9ZfkKDSCVJLq0imRFGxe_9ORTd8Nmj_;
16827;Valencia;Valencia;39.477.108;-0.3632784;Foster's Hollywood;;Valencia;restaurante;hostelería;;;;;;;;;;https://photos.google.com/album/AF1QipPeTjEVM6iqX9eTYo84PXkbccPUirzMGqLjJsOG/photo/AF1QipN5ykYrD9ZfkKDSCVJLq0imRFGxe_9ORTd8Nmj_;
14359;País Vasco;Vizcaya;432.613.197;-29.254.049;Gandhi;Calle Amistad / Adiskidetasun kalea 6;Bilbao;restaurante;hostelería;;;;;;;;;;https://photos.google.com/album/AF1QipPeTjEVM6iqX9eTYo84PXkbccPUirzMGqLjJsOG/photo/AF1QipN5ykYrD9ZfkKDSCVJLq0imRFGxe_9ORTd8Nmj_;
3151;Cataluña;Barcelona;413.770.927;21.369.201;Disco Bar Joe's;;Barcelona;bar;hostelería;;;;;;;;;;https://photos.google.com/album/AF1QipPeTjEVM6iqX9eTYo84PXkbccPUirzMGqLjJsOG/photo/AF1QipNBDbrtwgIupthI0NWbnjbZadE1cWGTbOvY6FsP;
18873;Andalucía;Málaga;367.237.601;-4.417.256;Celtic Druids;Plaza de la Merced 18;Málaga;bar;hostelería;;;;;;;;;;https://photos.google.com/album/AF1QipPeTjEVM6iqX9eTYo84PXkbccPUirzMGqLjJsOG/photo/AF1QipNBDbrtwgIupthI0NWbnjbZadE1cWGTbOvY6FsP;
10328;Madrid;Madrid;404.129.838;-36.956.873;La Esquina;;Madrid;bar;hostelería;;;;;;;;;;https://photos.google.com/album/AF1QipPeTjEVM6iqX9eTYo84PXkbccPUirzMGqLjJsOG/photo/AF1QipNBDbrtwgIupthI0NWbnjbZadE1cWGTbOvY6FsP;
19854;Andalucía;Sevilla;373.906.251;-59.912.105;NO NAME;;Sevilla;bar;hostelería;;;;;;;;;;https://photos.google.com/album/AF1QipPeTjEVM6iqX9eTYo84PXkbccPUirzMGqLjJsOG/photo/AF1QipNBDbrtwgIupthI0NWbnjbZadE1cWGTbOvY6FsP;
17865;Valencia;Valencia;395.478.502;-0.3898232;NO NAME;;Valencia;bar;hostelería;;;;;;;;;;https://photos.google.com/album/AF1QipPeTjEVM6iqX9eTYo84PXkbccPUirzMGqLjJsOG/photo/AF1QipNBDbrtwgIupthI0NWbnjbZadE1cWGTbOvY6FsP;
15021;País Vasco;Vizcaya;433.493.104;-30.102.731;Manhattan;;Bilbao;bar;hostelería;;;;;;;;;;https://photos.google.com/album/AF1QipPeTjEVM6iqX9eTYo84PXkbccPUirzMGqLjJsOG/photo/AF1QipNBDbrtwgIupthI0NWbnjbZadE1cWGTbOvY6FsP;
5779;Cataluña;Barcelona;413.888.477;21.735.904;Teatre Borràs;Plaça d'Urquinaona 9;Barcelona;teatro;ocio;;;;;;;;;;https://photos.google.com/album/AF1QipPeTjEVM6iqX9eTYo84PXkbccPUirzMGqLjJsOG/photo/AF1QipN-HRa64amn7bhn9SRWxn5pTwUWHAY-HaTss2DU;
19121;Andalucía;Málaga;367.208.425;-44.247.052;Centro de Arte Flamenco Kelipé;Calle Muro de Puerta Nueva 10;Málaga;teatro;ocio;;;;;;;;;;https://photos.google.com/album/AF1QipPeTjEVM6iqX9eTYo84PXkbccPUirzMGqLjJsOG/photo/AF1QipN-HRa64amn7bhn9SRWxn5pTwUWHAY-HaTss2DU;
14259;Madrid;Madrid;404.232.134;-37.045.532;Teatro Alfil;Calle del Pez 10;Madrid;teatro;ocio;;;;;;;;;;https://photos.google.com/album/AF1QipPeTjEVM6iqX9eTYo84PXkbccPUirzMGqLjJsOG/photo/AF1QipN-HRa64amn7bhn9SRWxn5pTwUWHAY-HaTss2DU;
20979;Andalucía;Sevilla;373.833.163;-60.006.083;Teatro Flamenco Triana;;Sevilla;teatro;ocio;;;;;;;;;;https://photos.google.com/album/AF1QipPeTjEVM6iqX9eTYo84PXkbccPUirzMGqLjJsOG/photo/AF1QipN-HRa64amn7bhn9SRWxn5pTwUWHAY-HaTss2DU;
18494;Valencia;Valencia;394.654.995;-0.456681;Teatre i Auditori Municipal d'Aldaia;;Valencia;teatro;ocio;;;;;;;;;;https://photos.google.com/album/AF1QipPeTjEVM6iqX9eTYo84PXkbccPUirzMGqLjJsOG/photo/AF1QipN-HRa64amn7bhn9SRWxn5pTwUWHAY-HaTss2DU;
3145;Cataluña;Barcelona;414.304.051;21.744.018;Chiribito;Passeig Fabra i Puig 266;Barcelona;bar;hostelería;;;;;;;;;;https://photos.google.com/album/AF1QipPeTjEVM6iqX9eTYo84PXkbccPUirzMGqLjJsOG/photo/AF1QipNoIUonEsnPcabR0PWoMekOU0GrU-4Ji6aN2qpe;
18905;Andalucía;Málaga;367.189.592;-44.094.873;Gin Tonic;;Málaga;bar;hostelería;;;;;;;;;;https://photos.google.com/album/AF1QipPeTjEVM6iqX9eTYo84PXkbccPUirzMGqLjJsOG/photo/AF1QipNoIUonEsnPcabR0PWoMekOU0GrU-4Ji6aN2qpe;
10322;Madrid;Madrid;404.874.732;-3.699.712;Cadillac Solitario;;Madrid;bar;hostelería;;;;;;;;;;https://photos.google.com/album/AF1QipPeTjEVM6iqX9eTYo84PXkbccPUirzMGqLjJsOG/photo/AF1QipNoIUonEsnPcabR0PWoMekOU0GrU-4Ji6aN2qpe;
19848;Andalucía;Sevilla;373.952.626;-59.913.525;Bar San Juan de la Palma;;Sevilla;bar;hostelería;;;;;;;;;;https://photos.google.com/album/AF1QipPeTjEVM6iqX9eTYo84PXkbccPUirzMGqLjJsOG/photo/AF1QipNoIUonEsnPcabR0PWoMekOU0GrU-4Ji6aN2qpe;
17859;Valencia;Valencia;394.812.335;-0.3955433;NO NAME;;Valencia;bar;hostelería;;;;;;;;;;https://photos.google.com/album/AF1QipPeTjEVM6iqX9eTYo84PXkbccPUirzMGqLjJsOG/photo/AF1QipNoIUonEsnPcabR0PWoMekOU0GrU-4Ji6aN2qpe;
15038;País Vasco;Vizcaya;432.623.182;-2.928.817;Antomar;;Bilbao;bar;hostelería;;;;;;;;;;https://photos.google.com/album/AF1QipPeTjEVM6iqX9eTYo84PXkbccPUirzMGqLjJsOG/photo/AF1QipNoIUonEsnPcabR0PWoMekOU0GrU-4Ji6aN2qpe;
4119;Cataluña;Barcelona;414.523.112;22.083.833;El 9 Carrer;Carrer de Josep Anselm Clave 1;Barcelona;pub;hostelería;;;;;;;;;;https://photos.google.com/album/AF1QipPeTjEVM6iqX9eTYo84PXkbccPUirzMGqLjJsOG/photo/AF1QipNoIUonEsnPcabR0PWoMekOU0GrU-4Ji6aN2qpe;
18962;Andalucía;Málaga;366.823.616;-44.533.215;La Taskita del Tobita;Avenida Imperio Argentina 17;Málaga;pub;hostelería;;;;;;;;;;https://photos.google.com/album/AF1QipPeTjEVM6iqX9eTYo84PXkbccPUirzMGqLjJsOG/photo/AF1QipNoIUonEsnPcabR0PWoMekOU0GrU-4Ji6aN2qpe;
12130;Madrid;Madrid;404.270.264;-37.016.864;Sidrería la Camocha;Calle de Fuencarral 95;Madrid;pub;hostelería;;;;;;;;;;https://photos.google.com/album/AF1QipPeTjEVM6iqX9eTYo84PXkbccPUirzMGqLjJsOG/photo/AF1QipNoIUonEsnPcabR0PWoMekOU0GrU-4Ji6aN2qpe;
20533;Andalucía;Sevilla;373.928.789;-60.019.619;Gloria Bendita;;Sevilla;pub;hostelería;;;;;;;;;;https://photos.google.com/album/AF1QipPeTjEVM6iqX9eTYo84PXkbccPUirzMGqLjJsOG/photo/AF1QipNoIUonEsnPcabR0PWoMekOU0GrU-4Ji6aN2qpe;
18066;Valencia;Valencia;394.758.544;-0.3829965;Social Club;;Valencia;pub;hostelería;;;;;;;;;;https://photos.google.com/album/AF1QipPeTjEVM6iqX9eTYo84PXkbccPUirzMGqLjJsOG/photo/AF1QipNoIUonEsnPcabR0PWoMekOU0GrU-4Ji6aN2qpe;
16125;País Vasco;Vizcaya;433.291.994;-30.075.841;Gobela;;Bilbao;pub;hostelería;;;;;;;;;;https://photos.google.com/album/AF1QipPeTjEVM6iqX9eTYo84PXkbccPUirzMGqLjJsOG/photo/AF1QipNoIUonEsnPcabR0PWoMekOU0GrU-4Ji6aN2qpe;
5746;Cataluña;Barcelona;413.759.426;21.678.212;Teatre Tantarantana;Carrer de les Flors 22;Barcelona;teatro;ocio;;;;;;;;;;https://photos.google.com/album/AF1QipPeTjEVM6iqX9eTYo84PXkbccPUirzMGqLjJsOG/photo/AF1QipNXqAAL8-zTsfPDKrqPCmXTNz0ZXMmBSfb2RXKG;
19117;Andalucía;Málaga;367.163.866;-44.235.166;Teatro Flamenco El Soho;Calle Vendeja 30;Málaga;teatro;ocio;;;;;;;;;;https://photos.google.com/album/AF1QipPeTjEVM6iqX9eTYo84PXkbccPUirzMGqLjJsOG/photo/AF1QipNXqAAL8-zTsfPDKrqPCmXTNz0ZXMmBSfb2RXKG;
14260;Madrid;Madrid;404.195.185;-37.026.612;Teatro Príncipe Gran Vía;Calle de las Tres Cruces 8;Madrid;teatro;ocio;;;;;;;;;;https://photos.google.com/album/AF1QipPeTjEVM6iqX9eTYo84PXkbccPUirzMGqLjJsOG/photo/AF1QipNXqAAL8-zTsfPDKrqPCmXTNz0ZXMmBSfb2RXKG;
20961;Andalucía;Sevilla;373.936.363;-59.956.702;La Imperdible;;Sevilla;teatro;ocio;;;;;;;;;;https://photos.google.com/album/AF1QipPeTjEVM6iqX9eTYo84PXkbccPUirzMGqLjJsOG/photo/AF1QipNXqAAL8-zTsfPDKrqPCmXTNz0ZXMmBSfb2RXKG;
18495;Valencia;Valencia;394.708.613;-0.3780014;Olympia;Carrer de Sant Vicent Màrtir 44;Valencia;teatro;ocio;;;;;;;;;;https://photos.google.com/album/AF1QipPeTjEVM6iqX9eTYo84PXkbccPUirzMGqLjJsOG/photo/AF1QipNXqAAL8-zTsfPDKrqPCmXTNz0ZXMmBSfb2RXKG;
5747;Cataluña;Barcelona;414.377.005;22.229.207;Blas Infante;carrer d'Andrés Segovia 43-45;Barcelona;teatro;ocio;;;;;;;;;;https://photos.google.com/album/AF1QipPeTjEVM6iqX9eTYo84PXkbccPUirzMGqLjJsOG/photo/AF1QipNyquz-l9H8lH00XjWVxuE0dxo61NKlkpbHAaHL;
19119;Andalucía;Málaga;367.272.149;-4.414.536;Urte Teatro;;Málaga;teatro;ocio;;;;;;;;;;https://photos.google.com/album/AF1QipPeTjEVM6iqX9eTYo84PXkbccPUirzMGqLjJsOG/photo/AF1QipNyquz-l9H8lH00XjWVxuE0dxo61NKlkpbHAaHL;
14261;Madrid;Madrid;404.600.348;-34.743.852;Teatro Municipal José María Rodero;;Madrid;teatro;ocio;;;;;;;;;;https://photos.google.com/album/AF1QipPeTjEVM6iqX9eTYo84PXkbccPUirzMGqLjJsOG/photo/AF1QipNyquz-l9H8lH00XjWVxuE0dxo61NKlkpbHAaHL;
20962;Andalucía;Sevilla;37.393.965;-59.877.855;Sala Cero;Calle Sol 5;Sevilla;teatro;ocio;;;;;;;;;;https://photos.google.com/album/AF1QipPeTjEVM6iqX9eTYo84PXkbccPUirzMGqLjJsOG/photo/AF1QipNyquz-l9H8lH00XjWVxuE0dxo61NKlkpbHAaHL;
18496;Valencia;Valencia;394.845.064;-0.4438066;Auditori Molí de Vila;;Valencia;teatro;ocio;;;;;;;;;;https://photos.google.com/album/AF1QipPeTjEVM6iqX9eTYo84PXkbccPUirzMGqLjJsOG/photo/AF1QipNyquz-l9H8lH00XjWVxuE0dxo61NKlkpbHAaHL;
16820;País Vasco;Vizcaya;432.673.338;-29.604.465;Pabellón 6;;Bilbao;teatro;ocio;;;;;;;;;;https://photos.google.com/album/AF1QipPeTjEVM6iqX9eTYo84PXkbccPUirzMGqLjJsOG/photo/AF1QipNyquz-l9H8lH00XjWVxuE0dxo61NKlkpbHAaHL;
3148;Cataluña;Barcelona;413.770.535;21.338.807;Sar;;Barcelona;bar;hostelería;;;;;;;;;;https://photos.google.com/album/AF1QipPeTjEVM6iqX9eTYo84PXkbccPUirzMGqLjJsOG/photo/AF1QipO1cdo7wTpMt09pC9D0cWo26sGcMdP_1bRK1tsS;
18870;Andalucía;Málaga;367.222.969;-44.171.951;Tiffany's;Calle Alcazabilla 11;Málaga;bar;hostelería;;;;;;;;;;https://photos.google.com/album/AF1QipPeTjEVM6iqX9eTYo84PXkbccPUirzMGqLjJsOG/photo/AF1QipO1cdo7wTpMt09pC9D0cWo26sGcMdP_1bRK1tsS;
10325;Madrid;Madrid;404.116.383;-36.979.403;NO NAME;;Madrid;bar;hostelería;;;;;;;;;;https://photos.google.com/album/AF1QipPeTjEVM6iqX9eTYo84PXkbccPUirzMGqLjJsOG/photo/AF1QipO1cdo7wTpMt09pC9D0cWo26sGcMdP_1bRK1tsS;
19851;Andalucía;Sevilla;373.883.027;-60.074.539;las Angarillas;;Sevilla;bar;hostelería;;;;;;;;;;https://photos.google.com/album/AF1QipPeTjEVM6iqX9eTYo84PXkbccPUirzMGqLjJsOG/photo/AF1QipO1cdo7wTpMt09pC9D0cWo26sGcMdP_1bRK1tsS;
17862;Valencia;Valencia;394.848.382;-0.3999168;Montaditos Karina;;Valencia;bar;hostelería;;;;;;;;;;https://photos.google.com/album/AF1QipPeTjEVM6iqX9eTYo84PXkbccPUirzMGqLjJsOG/photo/AF1QipO1cdo7wTpMt09pC9D0cWo26sGcMdP_1bRK1tsS;
15018;País Vasco;Vizcaya;433.525.422;-30.058.628;Iturgitxi;;Bilbao;bar;hostelería;;;;;;;;;;https://photos.google.com/album/AF1QipPeTjEVM6iqX9eTYo84PXkbccPUirzMGqLjJsOG/photo/AF1QipO1cdo7wTpMt09pC9D0cWo26sGcMdP_1bRK1tsS;
4122;Cataluña;Barcelona;413.772.743;21.371.527;Pub Gris;;Barcelona;pub;hostelería;;;;;;;;;;https://photos.google.com/album/AF1QipPeTjEVM6iqX9eTYo84PXkbccPUirzMGqLjJsOG/photo/AF1QipO1cdo7wTpMt09pC9D0cWo26sGcMdP_1bRK1tsS;
18932;Andalucía;Málaga;367.117.997;-44.421.918;Café Bar La Giralda;Avenida José Ortega y Gasset 5-7;Málaga;pub;hostelería;;;;;;;;;;https://photos.google.com/album/AF1QipPeTjEVM6iqX9eTYo84PXkbccPUirzMGqLjJsOG/photo/AF1QipO1cdo7wTpMt09pC9D0cWo26sGcMdP_1bRK1tsS;
12133;Madrid;Madrid;404.260.312;-36.981.336;Olé Lola;Calle de San Mateo 28;Madrid;pub;hostelería;;;;;;;;;;https://photos.google.com/album/AF1QipPeTjEVM6iqX9eTYo84PXkbccPUirzMGqLjJsOG/photo/AF1QipO1cdo7wTpMt09pC9D0cWo26sGcMdP_1bRK1tsS;
20536;Andalucía;Sevilla;373.931.592;-60.008.792;Bar El Sendero;;Sevilla;pub;hostelería;;;;;;;;;;https://photos.google.com/album/AF1QipPeTjEVM6iqX9eTYo84PXkbccPUirzMGqLjJsOG/photo/AF1QipO1cdo7wTpMt09pC9D0cWo26sGcMdP_1bRK1tsS;
18069;Valencia;Valencia;394.431.391;-0.3883678;NO NAME;;Valencia;pub;hostelería;;;;;;;;;;https://photos.google.com/album/AF1QipPeTjEVM6iqX9eTYo84PXkbccPUirzMGqLjJsOG/photo/AF1QipO1cdo7wTpMt09pC9D0cWo26sGcMdP_1bRK1tsS;
16128;País Vasco;Vizcaya;432.630.054;-29.311.344;Basque;;Bilbao;pub;hostelería;;;;;;;;;;https://photos.google.com/album/AF1QipPeTjEVM6iqX9eTYo84PXkbccPUirzMGqLjJsOG/photo/AF1QipO1cdo7wTpMt09pC9D0cWo26sGcMdP_1bRK1tsS;
5;Cataluña;Barcelona;413.942.273;2.109.899;El Jardí de l'Abadessa;;Barcelona;restaurante;hostelería;;;;;;;;;;https://photos.google.com/album/AF1QipPeTjEVM6iqX9eTYo84PXkbccPUirzMGqLjJsOG/photo/AF1QipO5ATL94yIIREu5_64b5o_qp8_nThXh59Rf_QsB;
116;Cataluña;Barcelona;414.074.238;21.585.521;Casa Vall;Plaça de Rovira i Trias 2;Barcelona;restaurante;hostelería;;;;;;;;;;https://photos.google.com/album/AF1QipPeTjEVM6iqX9eTYo84PXkbccPUirzMGqLjJsOG/photo/AF1QipO5ATL94yIIREu5_64b5o_qp8_nThXh59Rf_QsB;
18513;Andalucía;Málaga;367.241.869;-44.211.525;El Apartamento;Calle Carretería 92;Málaga;restaurante;hostelería;;;;;;;;;;https://photos.google.com/album/AF1QipPeTjEVM6iqX9eTYo84PXkbccPUirzMGqLjJsOG/photo/AF1QipO5ATL94yIIREu5_64b5o_qp8_nThXh59Rf_QsB;
5799;Madrid;Madrid;404.257.624;-37.120.848;La Parrilla de Nino;Plaza de Cristino Martos 2;Madrid;restaurante;hostelería;;;;;;;;;;https://photos.google.com/album/AF1QipPeTjEVM6iqX9eTYo84PXkbccPUirzMGqLjJsOG/photo/AF1QipO5ATL94yIIREu5_64b5o_qp8_nThXh59Rf_QsB;
19125;Andalucía;Sevilla;373.886.379;-59.210.132;NO NAME;;Sevilla;restaurante;hostelería;;;;;;;;;;https://photos.google.com/album/AF1QipPeTjEVM6iqX9eTYo84PXkbccPUirzMGqLjJsOG/photo/AF1QipO5ATL94yIIREu5_64b5o_qp8_nThXh59Rf_QsB;
16828;Valencia;Valencia;394.519.266;-0.3739882;Casa Manolo;;Valencia;restaurante;hostelería;;;;;;;;;;https://photos.google.com/album/AF1QipPeTjEVM6iqX9eTYo84PXkbccPUirzMGqLjJsOG/photo/AF1QipO5ATL94yIIREu5_64b5o_qp8_nThXh59Rf_QsB;
14343;País Vasco;Vizcaya;432.736.308;-29.179.059;Restaurante Txakoli;BI-3741 Carretera de Artxanda / Artxandako errepidea 19;Bilbao;restaurante;hostelería;;;;;;;;;;https://photos.google.com/album/AF1QipPeTjEVM6iqX9eTYo84PXkbccPUirzMGqLjJsOG/photo/AF1QipO5ATL94yIIREu5_64b5o_qp8_nThXh59Rf_QsB;
4512;Cataluña;Barcelona;414.305.166;21.725.195;The New Orleans Coffee & Tea Company;;Barcelona;cafe;hostelería;;;;;;;;;;https://photos.google.com/album/AF1QipPeTjEVM6iqX9eTYo84PXkbccPUirzMGqLjJsOG/photo/AF1QipO8LaNjUDMFBFhCfiUnyYpPxu6tRJPIq_ffVpWe;
4513;Cataluña;Barcelona;413.962.323;21.890.864;Bar Almogávares;;Barcelona;cafe;hostelería;;;;;;;;;;https://photos.google.com/album/AF1QipPeTjEVM6iqX9eTYo84PXkbccPUirzMGqLjJsOG/photo/AF1QipO8LaNjUDMFBFhCfiUnyYpPxu6tRJPIq_ffVpWe;
18995;Andalucía;Málaga;367.190.077;-44.249.194;Café con Arte;Plaza de Arriola 1;Málaga;cafe;hostelería;;;;;;;;;;https://photos.google.com/album/AF1QipPeTjEVM6iqX9eTYo84PXkbccPUirzMGqLjJsOG/photo/AF1QipO8LaNjUDMFBFhCfiUnyYpPxu6tRJPIq_ffVpWe;
18998;Andalucía;Málaga;367.219.468;-44.207.047;Café Madrid;;Málaga;cafe;hostelería;;;;;;;;;;https://photos.google.com/album/AF1QipPeTjEVM6iqX9eTYo84PXkbccPUirzMGqLjJsOG/photo/AF1QipO8LaNjUDMFBFhCfiUnyYpPxu6tRJPIq_ffVpWe;
12972;Madrid;Madrid;404.463.777;-37.149.013;Condemar;;Madrid;cafe;hostelería;;;;;;;;;;https://photos.google.com/album/AF1QipPeTjEVM6iqX9eTYo84PXkbccPUirzMGqLjJsOG/photo/AF1QipO8LaNjUDMFBFhCfiUnyYpPxu6tRJPIq_ffVpWe;
12973;Madrid;Madrid;404.168.084;-36.973.366;NO NAME;;Madrid;cafe;hostelería;;;;;;;;;;https://photos.google.com/album/AF1QipPeTjEVM6iqX9eTYo84PXkbccPUirzMGqLjJsOG/photo/AF1QipO8LaNjUDMFBFhCfiUnyYpPxu6tRJPIq_ffVpWe;
20670;Andalucía;Sevilla;373.882.256;-5.972.532;Cafe Bar San Pablo;;Sevilla;cafe;hostelería;;;;;;;;;;https://photos.google.com/album/AF1QipPeTjEVM6iqX9eTYo84PXkbccPUirzMGqLjJsOG/photo/AF1QipO8LaNjUDMFBFhCfiUnyYpPxu6tRJPIq_ffVpWe;
20671;Andalucía;Sevilla;373.824.759;-59.929.673;Starbucks;;Sevilla;cafe;hostelería;;;;;;;;;;https://photos.google.com/album/AF1QipPeTjEVM6iqX9eTYo84PXkbccPUirzMGqLjJsOG/photo/AF1QipO8LaNjUDMFBFhCfiUnyYpPxu6tRJPIq_ffVpWe;
18193;Valencia;Valencia;394.710.084;-0.3816271;Rivendel;;Valencia;cafe;hostelería;;;;;;;;;;https://photos.google.com/album/AF1QipPeTjEVM6iqX9eTYo84PXkbccPUirzMGqLjJsOG/photo/AF1QipO8LaNjUDMFBFhCfiUnyYpPxu6tRJPIq_ffVpWe;
18194;Valencia;Valencia;394.709.045;-0.381409;Poquito a poco;;Valencia;cafe;hostelería;;;;;;;;;;https://photos.google.com/album/AF1QipPeTjEVM6iqX9eTYo84PXkbccPUirzMGqLjJsOG/photo/AF1QipO8LaNjUDMFBFhCfiUnyYpPxu6tRJPIq_ffVpWe;
16275;País Vasco;Vizcaya;432.582.221;-29.384.709;Olimpia;;Bilbao;cafe;hostelería;;;;;;;;;;https://photos.google.com/album/AF1QipPeTjEVM6iqX9eTYo84PXkbccPUirzMGqLjJsOG/photo/AF1QipO8LaNjUDMFBFhCfiUnyYpPxu6tRJPIq_ffVpWe;
16276;País Vasco;Vizcaya;432.765.073;-29.587.538;Eureka;;Bilbao;cafe;hostelería;;;;;;;;;;https://photos.google.com/album/AF1QipPeTjEVM6iqX9eTYo84PXkbccPUirzMGqLjJsOG/photo/AF1QipO8LaNjUDMFBFhCfiUnyYpPxu6tRJPIq_ffVpWe;
6;Cataluña;Barcelona;413.975.532;21.230.797;Bar Tomás;;Barcelona;restaurante;hostelería;;;;;;;;;;https://photos.google.com/album/AF1QipPeTjEVM6iqX9eTYo84PXkbccPUirzMGqLjJsOG/photo/AF1QipO8LaNjUDMFBFhCfiUnyYpPxu6tRJPIq_ffVpWe;
18514;Andalucía;Málaga;36.720.385;-44.219.753;Beluga;Plaza de Las Flores 3;Málaga;restaurante;hostelería;;;;;;;;;;https://photos.google.com/album/AF1QipPeTjEVM6iqX9eTYo84PXkbccPUirzMGqLjJsOG/photo/AF1QipO8LaNjUDMFBFhCfiUnyYpPxu6tRJPIq_ffVpWe;
5800;Madrid;Madrid;4.042.514;-37.118.533;Delhi;Calle del Duque de Osuna 6;Madrid;restaurante;hostelería;;;;;;;;;;https://photos.google.com/album/AF1QipPeTjEVM6iqX9eTYo84PXkbccPUirzMGqLjJsOG/photo/AF1QipO8LaNjUDMFBFhCfiUnyYpPxu6tRJPIq_ffVpWe;
19126;Andalucía;Sevilla;373.881.693;-59.206.068;NO NAME;;Sevilla;restaurante;hostelería;;;;;;;;;;https://photos.google.com/album/AF1QipPeTjEVM6iqX9eTYo84PXkbccPUirzMGqLjJsOG/photo/AF1QipO8LaNjUDMFBFhCfiUnyYpPxu6tRJPIq_ffVpWe;
16829;Valencia;Valencia;394.508.285;-0.3732921;Casa Tere;;Valencia;restaurante;hostelería;;;;;;;;;;https://photos.google.com/album/AF1QipPeTjEVM6iqX9eTYo84PXkbccPUirzMGqLjJsOG/photo/AF1QipO8LaNjUDMFBFhCfiUnyYpPxu6tRJPIq_ffVpWe;
14344;País Vasco;Vizcaya;432.588.525;-29.364.729;Cevichef;Alameda Recalde / Recalde zumarkalea 53;Bilbao;restaurante;hostelería;;;;;;;;;;https://photos.google.com/album/AF1QipPeTjEVM6iqX9eTYo84PXkbccPUirzMGqLjJsOG/photo/AF1QipO8LaNjUDMFBFhCfiUnyYpPxu6tRJPIq_ffVpWe;
3149;Cataluña;Barcelona;413.775.028;21.374.276;Tapa Tape;;Barcelona;bar;hostelería;;;;;;;;;;https://photos.google.com/album/AF1QipPeTjEVM6iqX9eTYo84PXkbccPUirzMGqLjJsOG/photo/AF1QipO9-zj1NVloHgXuHzLQF1kIFa0QEG7fhbpWmxnm;
18871;Andalucía;Málaga;367.230.295;-44.181.857;Arte & Sana;;Málaga;bar;hostelería;;;;;;;;;;https://photos.google.com/album/AF1QipPeTjEVM6iqX9eTYo84PXkbccPUirzMGqLjJsOG/photo/AF1QipO9-zj1NVloHgXuHzLQF1kIFa0QEG7fhbpWmxnm;
10326;Madrid;Madrid;404.124.453;-36.961.583;Fever;;Madrid;bar;hostelería;;;;;;;;;;https://photos.google.com/album/AF1QipPeTjEVM6iqX9eTYo84PXkbccPUirzMGqLjJsOG/photo/AF1QipO9-zj1NVloHgXuHzLQF1kIFa0QEG7fhbpWmxnm;
19852;Andalucía;Sevilla;374.074.871;-59.321.948;La Flor del Este;;Sevilla;bar;hostelería;;;;;;;;;;https://photos.google.com/album/AF1QipPeTjEVM6iqX9eTYo84PXkbccPUirzMGqLjJsOG/photo/AF1QipO9-zj1NVloHgXuHzLQF1kIFa0QEG7fhbpWmxnm;
17863;Valencia;Valencia;39.458.865;-0.4626716;Bar Ideal;;Valencia;bar;hostelería;;;;;;;;;;https://photos.google.com/album/AF1QipPeTjEVM6iqX9eTYo84PXkbccPUirzMGqLjJsOG/photo/AF1QipO9-zj1NVloHgXuHzLQF1kIFa0QEG7fhbpWmxnm;
15019;País Vasco;Vizcaya;43.352.388;-30.057.446;Azkorri;;Bilbao;bar;hostelería;;;;;;;;;;https://photos.google.com/album/AF1QipPeTjEVM6iqX9eTYo84PXkbccPUirzMGqLjJsOG/photo/AF1QipO9-zj1NVloHgXuHzLQF1kIFa0QEG7fhbpWmxnm;
7;Cataluña;Barcelona;414.523.498;22.087.628;La Tagliatella;Carrer de Vistalegre 4;Barcelona;restaurante;hostelería;;;;;;;;;;https://photos.google.com/album/AF1QipPeTjEVM6iqX9eTYo84PXkbccPUirzMGqLjJsOG/photo/AF1QipOBcT23AFL6kOLk5jbLhk8fSnJzUASci25Wbrpq;
18515;Andalucía;Málaga;366.779.007;-44.920.644;NO NAME;;Málaga;restaurante;hostelería;;;;;;;;;;https://photos.google.com/album/AF1QipPeTjEVM6iqX9eTYo84PXkbccPUirzMGqLjJsOG/photo/AF1QipOBcT23AFL6kOLk5jbLhk8fSnJzUASci25Wbrpq;
5801;Madrid;Madrid;404.260.327;-3.711.541;La Pomarada;Calle del Conde Duque 9999;Madrid;restaurante;hostelería;;;;;;;;;;https://photos.google.com/album/AF1QipPeTjEVM6iqX9eTYo84PXkbccPUirzMGqLjJsOG/photo/AF1QipOBcT23AFL6kOLk5jbLhk8fSnJzUASci25Wbrpq;
19127;Andalucía;Sevilla;373.630.589;-59.858.491;Cafetería Metrópolis;;Sevilla;restaurante;hostelería;;;;;;;;;;https://photos.google.com/album/AF1QipPeTjEVM6iqX9eTYo84PXkbccPUirzMGqLjJsOG/photo/AF1QipOBcT23AFL6kOLk5jbLhk8fSnJzUASci25Wbrpq;
16830;Valencia;Valencia;394.505.895;-0.3730823;NO NAME;;Valencia;restaurante;hostelería;;;;;;;;;;https://photos.google.com/album/AF1QipPeTjEVM6iqX9eTYo84PXkbccPUirzMGqLjJsOG/photo/AF1QipOBcT23AFL6kOLk5jbLhk8fSnJzUASci25Wbrpq;
14345;País Vasco;Vizcaya;43.351.307;-30.118.225;Saigon;;Bilbao;restaurante;hostelería;;;;;;;;;;https://photos.google.com/album/AF1QipPeTjEVM6iqX9eTYo84PXkbccPUirzMGqLjJsOG/photo/AF1QipOBcT23AFL6kOLk5jbLhk8fSnJzUASci25Wbrpq;
5748;Cataluña;Barcelona;413.805.321;21.710.813;Teatre Romea;;Barcelona;teatro;ocio;;;;;;;;;;https://photos.google.com/album/AF1QipPeTjEVM6iqX9eTYo84PXkbccPUirzMGqLjJsOG/photo/AF1QipOCDwik2OrZIp6hBUWbrPTbk_7XKbVu1I0sQpm9;
19120;Andalucía;Málaga;367.162.369;-44.218.448;Teatro del Soho;Calle Córdoba 13;Málaga;teatro;ocio;;;;;;;;;;https://photos.google.com/album/AF1QipPeTjEVM6iqX9eTYo84PXkbccPUirzMGqLjJsOG/photo/AF1QipOCDwik2OrZIp6hBUWbrPTbk_7XKbVu1I0sQpm9;
14262;Madrid;Madrid;40.428.686;-37.032.672;Teatro Maravillas;;Madrid;teatro;ocio;;;;;;;;;;https://photos.google.com/album/AF1QipPeTjEVM6iqX9eTYo84PXkbccPUirzMGqLjJsOG/photo/AF1QipOCDwik2OrZIp6hBUWbrPTbk_7XKbVu1I0sQpm9;
20963;Andalucía;Sevilla;373.828.085;-59.787.405;Teatro Jardines De La Buhaira;Eduardo Dato 9999;Sevilla;teatro;ocio;;;;;;;;;;https://photos.google.com/album/AF1QipPeTjEVM6iqX9eTYo84PXkbccPUirzMGqLjJsOG/photo/AF1QipOCDwik2OrZIp6hBUWbrPTbk_7XKbVu1I0sQpm9;
18497;Valencia;Valencia;394.824.157;-0.4422158;Teatro de El Casino;;Valencia;teatro;ocio;;;;;;;;;;https://photos.google.com/album/AF1QipPeTjEVM6iqX9eTYo84PXkbccPUirzMGqLjJsOG/photo/AF1QipOCDwik2OrZIp6hBUWbrPTbk_7XKbVu1I0sQpm9;
16822;País Vasco;Vizcaya;432.570.118;-29.282.729;Badulake;Calle Hernani / Hernani kalea 10;Bilbao;teatro;ocio;;;;;;;;;;https://photos.google.com/album/AF1QipPeTjEVM6iqX9eTYo84PXkbccPUirzMGqLjJsOG/photo/AF1QipOCDwik2OrZIp6hBUWbrPTbk_7XKbVu1I0sQpm9;
5750;Cataluña;Barcelona;413.840.778;21.707.374;Poliorama;;Barcelona;teatro;ocio;;;;;;;;;;https://photos.google.com/album/AF1QipPeTjEVM6iqX9eTYo84PXkbccPUirzMGqLjJsOG/photo/AF1QipOH-MZVMtrw2GYNbkWA2dPCFl7LTFqf06REMg8n;
5758;Cataluña;Barcelona;413.743.883;21.349.158;Sants Teatre del Centre;Carrer d'Antoni de Capmany 72-76;Barcelona;teatro;ocio;;;;;;;;;;https://photos.google.com/album/AF1QipPeTjEVM6iqX9eTYo84PXkbccPUirzMGqLjJsOG/photo/AF1QipOH-MZVMtrw2GYNbkWA2dPCFl7LTFqf06REMg8n;
14263;Madrid;Madrid;404.681.078;-36.996.284;Liberarte;Calle de Francisca Conde 7;Madrid;teatro;ocio;;;;;;;;;;https://photos.google.com/album/AF1QipPeTjEVM6iqX9eTYo84PXkbccPUirzMGqLjJsOG/photo/AF1QipOH-MZVMtrw2GYNbkWA2dPCFl7LTFqf06REMg8n;
20965;Andalucía;Sevilla;373.881.144;-59.609.221;Multicines;;Sevilla;teatro;ocio;;;;;;;;;;https://photos.google.com/album/AF1QipPeTjEVM6iqX9eTYo84PXkbccPUirzMGqLjJsOG/photo/AF1QipOH-MZVMtrw2GYNbkWA2dPCFl7LTFqf06REMg8n;
18498;Valencia;Valencia;394.737.737;-0.4166595;Centro Cultural de Mislata;;Valencia;teatro;ocio;;;;;;;;;;https://photos.google.com/album/AF1QipPeTjEVM6iqX9eTYo84PXkbccPUirzMGqLjJsOG/photo/AF1QipOH-MZVMtrw2GYNbkWA2dPCFl7LTFqf06REMg8n;
5722;Cataluña;Barcelona;414.040.146;21.568.811;Cines Verdi Barcelona;Carrer de Verdi 32;Barcelona;cine;ocio;;;;;;;;;;https://photos.google.com/album/AF1QipPeTjEVM6iqX9eTYo84PXkbccPUirzMGqLjJsOG/photo/AF1QipOI7psj_d5ztV6mfQ_lMaY3u47yAN03HYU4xm2E;
5724;Cataluña;Barcelona;414.354.074;21.805.915;CINESA Porta;;Barcelona;cine;ocio;;;;;;;;;;https://photos.google.com/album/AF1QipPeTjEVM6iqX9eTYo84PXkbccPUirzMGqLjJsOG/photo/AF1QipOI7psj_d5ztV6mfQ_lMaY3u47yAN03HYU4xm2E;
19114;Andalucía;Málaga;367.117.478;-44.339.195;NO NAME;Calle Explanada de la Estación 1;Málaga;cine;ocio;;;;;;;;;;https://photos.google.com/album/AF1QipPeTjEVM6iqX9eTYo84PXkbccPUirzMGqLjJsOG/photo/AF1QipOI7psj_d5ztV6mfQ_lMaY3u47yAN03HYU4xm2E;
19115;Andalucía;Málaga;367.344.735;-44.313.935;Multicines Rosaleda;;Málaga;cine;ocio;;;;;;;;;;https://photos.google.com/album/AF1QipPeTjEVM6iqX9eTYo84PXkbccPUirzMGqLjJsOG/photo/AF1QipOI7psj_d5ztV6mfQ_lMaY3u47yAN03HYU4xm2E;
14210;Madrid;Madrid;404.631.411;-36.361.022;mk2 Palacio de Hielo;;Madrid;cine;ocio;;;;;;;;;;https://photos.google.com/album/AF1QipPeTjEVM6iqX9eTYo84PXkbccPUirzMGqLjJsOG/photo/AF1QipOI7psj_d5ztV6mfQ_lMaY3u47yAN03HYU4xm2E;
14211;Madrid;Madrid;404.801.573;-37.076.189;Multicines La Vaguada;;Madrid;cine;ocio;;;;;;;;;;https://photos.google.com/album/AF1QipPeTjEVM6iqX9eTYo84PXkbccPUirzMGqLjJsOG/photo/AF1QipOI7psj_d5ztV6mfQ_lMaY3u47yAN03HYU4xm2E;
20950;Andalucía;Sevilla;373.955.971;-59.945.452;Cine Cervantes;;Sevilla;cine;ocio;;;;;;;;;;https://photos.google.com/album/AF1QipPeTjEVM6iqX9eTYo84PXkbccPUirzMGqLjJsOG/photo/AF1QipOI7psj_d5ztV6mfQ_lMaY3u47yAN03HYU4xm2E;
20951;Andalucía;Sevilla;37.396.932;-5.994.798;Alameda;;Sevilla;cine;ocio;;;;;;;;;;https://photos.google.com/album/AF1QipPeTjEVM6iqX9eTYo84PXkbccPUirzMGqLjJsOG/photo/AF1QipOI7psj_d5ztV6mfQ_lMaY3u47yAN03HYU4xm2E;
18487;Valencia;Valencia;395.451.658;-0.397519;Centro Cultural Blasco Ibáñez;;Valencia;cine;ocio;;;;;;;;;;https://photos.google.com/album/AF1QipPeTjEVM6iqX9eTYo84PXkbccPUirzMGqLjJsOG/photo/AF1QipOI7psj_d5ztV6mfQ_lMaY3u47yAN03HYU4xm2E;
18488;Valencia;Valencia;394.570.005;-0.3453609;Cine Oscar Ocine Aqua;;Valencia;cine;ocio;;;;;;;;;;https://photos.google.com/album/AF1QipPeTjEVM6iqX9eTYo84PXkbccPUirzMGqLjJsOG/photo/AF1QipOI7psj_d5ztV6mfQ_lMaY3u47yAN03HYU4xm2E;
16816;País Vasco;Vizcaya;432.615.002;-2.945.369;Multicines;;Bilbao;cine;ocio;;;;;;;;;;https://photos.google.com/album/AF1QipPeTjEVM6iqX9eTYo84PXkbccPUirzMGqLjJsOG/photo/AF1QipOI7psj_d5ztV6mfQ_lMaY3u47yAN03HYU4xm2E;
16817;País Vasco;Vizcaya;432.595.971;-29.371.724;Golem Alhóndiga;;Bilbao;cine;ocio;;;;;;;;;;https://photos.google.com/album/AF1QipPeTjEVM6iqX9eTYo84PXkbccPUirzMGqLjJsOG/photo/AF1QipOI7psj_d5ztV6mfQ_lMaY3u47yAN03HYU4xm2E;
5751;Cataluña;Barcelona;413.849.977;21.707.085;Club Capitol;;Barcelona;teatro;ocio;;;;;;;;;;https://photos.google.com/album/AF1QipPeTjEVM6iqX9eTYo84PXkbccPUirzMGqLjJsOG/photo/AF1QipOkwW0WJwuH22aT6Y6_ocr1MS5PT5EJc46_DIPh;
14264;Madrid;Madrid;404.076.503;-37.250.915;Teatro Quinto;;Madrid;teatro;ocio;;;;;;;;;;https://photos.google.com/album/AF1QipPeTjEVM6iqX9eTYo84PXkbccPUirzMGqLjJsOG/photo/AF1QipOkwW0WJwuH22aT6Y6_ocr1MS5PT5EJc46_DIPh;
20966;Andalucía;Sevilla;374.050.495;-60.074.317;SGAE;;Sevilla;teatro;ocio;;;;;;;;;;https://photos.google.com/album/AF1QipPeTjEVM6iqX9eTYo84PXkbccPUirzMGqLjJsOG/photo/AF1QipOkwW0WJwuH22aT6Y6_ocr1MS5PT5EJc46_DIPh;
18499;Valencia;Valencia;394.349.317;-0.4358882;Centro Cultural Municipal;;Valencia;teatro;ocio;;;;;;;;;;https://photos.google.com/album/AF1QipPeTjEVM6iqX9eTYo84PXkbccPUirzMGqLjJsOG/photo/AF1QipOkwW0WJwuH22aT6Y6_ocr1MS5PT5EJc46_DIPh;
4251;Cataluña;Barcelona;414.348.618;22.179.712;Granja Romaní;;Barcelona;pub;hostelería;;;;;;;;;;https://photos.google.com/album/AF1QipPeTjEVM6iqX9eTYo84PXkbccPUirzMGqLjJsOG/photo/AF1QipOP25Sc0uDl2XxZP2wSOKroCgotPBGRX1h2-y81;
18940;Andalucía;Málaga;367.311.305;-44.492.485;Bar Ricardo;;Málaga;pub;hostelería;;;;;;;;;;https://photos.google.com/album/AF1QipPeTjEVM6iqX9eTYo84PXkbccPUirzMGqLjJsOG/photo/AF1QipOP25Sc0uDl2XxZP2wSOKroCgotPBGRX1h2-y81;
12167;Madrid;Madrid;404.039.506;-37.014.278;Bar Díaz;;Madrid;pub;hostelería;;;;;;;;;;https://photos.google.com/album/AF1QipPeTjEVM6iqX9eTYo84PXkbccPUirzMGqLjJsOG/photo/AF1QipOP25Sc0uDl2XxZP2wSOKroCgotPBGRX1h2-y81;
20574;Andalucía;Sevilla;373.889.681;-59.963.162;Capitol;;Sevilla;pub;hostelería;;;;;;;;;;https://photos.google.com/album/AF1QipPeTjEVM6iqX9eTYo84PXkbccPUirzMGqLjJsOG/photo/AF1QipOP25Sc0uDl2XxZP2wSOKroCgotPBGRX1h2-y81;
18064;Valencia;Valencia;39.474.516;-0.3824244;NEPO;;Valencia;pub;hostelería;;;;;;;;;;https://photos.google.com/album/AF1QipPeTjEVM6iqX9eTYo84PXkbccPUirzMGqLjJsOG/photo/AF1QipOP25Sc0uDl2XxZP2wSOKroCgotPBGRX1h2-y81;
16123;País Vasco;Vizcaya;432.701.547;-2.941.261;La Terraza;;Bilbao;pub;hostelería;;;;;;;;;;https://photos.google.com/album/AF1QipPeTjEVM6iqX9eTYo84PXkbccPUirzMGqLjJsOG/photo/AF1QipOP25Sc0uDl2XxZP2wSOKroCgotPBGRX1h2-y81;
4514;Cataluña;Barcelona;413.755.248;21.346.488;Cafe Sants;;Barcelona;cafe;hostelería;;;;;;;;;;https://photos.google.com/album/AF1QipPeTjEVM6iqX9eTYo84PXkbccPUirzMGqLjJsOG/photo/AF1QipOrIEBAA6MLvH3BpAtLopIzua3MyotXRQJ95ILe;
4515;Cataluña;Barcelona;413.753.906;21.308.538;Bracafe;;Barcelona;cafe;hostelería;;;;;;;;;;https://photos.google.com/album/AF1QipPeTjEVM6iqX9eTYo84PXkbccPUirzMGqLjJsOG/photo/AF1QipOrIEBAA6MLvH3BpAtLopIzua3MyotXRQJ95ILe;
4516;Cataluña;Barcelona;41.375.545;21.344.972;HotDoks;;Barcelona;cafe;hostelería;;;;;;;;;;https://photos.google.com/album/AF1QipPeTjEVM6iqX9eTYo84PXkbccPUirzMGqLjJsOG/photo/AF1QipOrIEBAA6MLvH3BpAtLopIzua3MyotXRQJ95ILe;
4517;Cataluña;Barcelona;413.771.257;21.339.113;IQRA Kebab;Carrer de Joan Güell 9999;Barcelona;cafe;hostelería;;;;;;;;;;https://photos.google.com/album/AF1QipPeTjEVM6iqX9eTYo84PXkbccPUirzMGqLjJsOG/photo/AF1QipOrIEBAA6MLvH3BpAtLopIzua3MyotXRQJ95ILe;
4521;Cataluña;Barcelona;413.720.275;21.671.353;Bar Seco;;Barcelona;cafe;hostelería;;;;;;;;;;https://photos.google.com/album/AF1QipPeTjEVM6iqX9eTYo84PXkbccPUirzMGqLjJsOG/photo/AF1QipOrIEBAA6MLvH3BpAtLopIzua3MyotXRQJ95ILe;
18970;Andalucía;Málaga;367.190.158;-44.214.069;Café Lepanto;Calle Marqués de Larios 7;Málaga;cafe;hostelería;;;;;;;;;;https://photos.google.com/album/AF1QipPeTjEVM6iqX9eTYo84PXkbccPUirzMGqLjJsOG/photo/AF1QipOrIEBAA6MLvH3BpAtLopIzua3MyotXRQJ95ILe;
18975;Andalucía;Málaga;3.672.142;-4.418.836;La Tetería;;Málaga;cafe;hostelería;;;;;;;;;;https://photos.google.com/album/AF1QipPeTjEVM6iqX9eTYo84PXkbccPUirzMGqLjJsOG/photo/AF1QipOrIEBAA6MLvH3BpAtLopIzua3MyotXRQJ95ILe;
18978;Andalucía;Málaga;367.208.794;-44.763.865;El pequeño Buda - Tetería;Calle Antígona 8;Málaga;cafe;hostelería;;;;;;;;;;https://photos.google.com/album/AF1QipPeTjEVM6iqX9eTYo84PXkbccPUirzMGqLjJsOG/photo/AF1QipOrIEBAA6MLvH3BpAtLopIzua3MyotXRQJ95ILe;
18980;Andalucía;Málaga;367.235.855;-4.416.978;Cafe Con Libros;Plaza de la Merced 20;Málaga;cafe;hostelería;;;;;;;;;;https://photos.google.com/album/AF1QipPeTjEVM6iqX9eTYo84PXkbccPUirzMGqLjJsOG/photo/AF1QipOrIEBAA6MLvH3BpAtLopIzua3MyotXRQJ95ILe;
18969;Andalucía;Málaga;367.184.077;-44.210.516;Cafetería Plaza;;Málaga;cafe;hostelería;;;;;;;;;;https://photos.google.com/album/AF1QipPeTjEVM6iqX9eTYo84PXkbccPUirzMGqLjJsOG/photo/AF1QipOrIEBAA6MLvH3BpAtLopIzua3MyotXRQJ95ILe;
12974;Madrid;Madrid;404.182.418;-36.961.976;NO NAME;;Madrid;cafe;hostelería;;;;;;;;;;https://photos.google.com/album/AF1QipPeTjEVM6iqX9eTYo84PXkbccPUirzMGqLjJsOG/photo/AF1QipOrIEBAA6MLvH3BpAtLopIzua3MyotXRQJ95ILe;
12975;Madrid;Madrid;404.151.444;-37.118.077;NO NAME;;Madrid;cafe;hostelería;;;;;;;;;;https://photos.google.com/album/AF1QipPeTjEVM6iqX9eTYo84PXkbccPUirzMGqLjJsOG/photo/AF1QipOrIEBAA6MLvH3BpAtLopIzua3MyotXRQJ95ILe;
12976;Madrid;Madrid;404.167.707;-3.706.803;Chocolatería San Ginés;Pasadizo de San Ginés 5;Madrid;cafe;hostelería;;;;;;;;;;https://photos.google.com/album/AF1QipPeTjEVM6iqX9eTYo84PXkbccPUirzMGqLjJsOG/photo/AF1QipOrIEBAA6MLvH3BpAtLopIzua3MyotXRQJ95ILe;
12977;Madrid;Madrid;404.185.047;-37.034.827;Vianvi;;Madrid;cafe;hostelería;;;;;;;;;;https://photos.google.com/album/AF1QipPeTjEVM6iqX9eTYo84PXkbccPUirzMGqLjJsOG/photo/AF1QipOrIEBAA6MLvH3BpAtLopIzua3MyotXRQJ95ILe;
12981;Madrid;Madrid;404.107.804;-36.994.987;El Despertar;;Madrid;cafe;hostelería;;;;;;;;;;https://photos.google.com/album/AF1QipPeTjEVM6iqX9eTYo84PXkbccPUirzMGqLjJsOG/photo/AF1QipOrIEBAA6MLvH3BpAtLopIzua3MyotXRQJ95ILe;
20672;Andalucía;Sevilla;373.976.001;-59.969.473;Café bar La Banqueta;;Sevilla;cafe;hostelería;;;;;;;;;;https://photos.google.com/album/AF1QipPeTjEVM6iqX9eTYo84PXkbccPUirzMGqLjJsOG/photo/AF1QipOrIEBAA6MLvH3BpAtLopIzua3MyotXRQJ95ILe;
20673;Andalucía;Sevilla;373.978.463;-5.994.375;Casa Paco;;Sevilla;cafe;hostelería;;;;;;;;;;https://photos.google.com/album/AF1QipPeTjEVM6iqX9eTYo84PXkbccPUirzMGqLjJsOG/photo/AF1QipOrIEBAA6MLvH3BpAtLopIzua3MyotXRQJ95ILe;
20674;Andalucía;Sevilla;373.859.119;-59.866.772;Cerveceria Mezquita;Calle Santa María la Blanca 19;Sevilla;cafe;hostelería;;;;;;;;;;https://photos.google.com/album/AF1QipPeTjEVM6iqX9eTYo84PXkbccPUirzMGqLjJsOG/photo/AF1QipOrIEBAA6MLvH3BpAtLopIzua3MyotXRQJ95ILe;
20675;Andalucía;Sevilla;373.857.733;-5.995.603;Esquinte de Arfe;;Sevilla;cafe;hostelería;;;;;;;;;;https://photos.google.com/album/AF1QipPeTjEVM6iqX9eTYo84PXkbccPUirzMGqLjJsOG/photo/AF1QipOrIEBAA6MLvH3BpAtLopIzua3MyotXRQJ95ILe;
20679;Andalucía;Sevilla;373.820.459;-59.911.137;Cafetería San Fernadno;;Sevilla;cafe;hostelería;;;;;;;;;;https://photos.google.com/album/AF1QipPeTjEVM6iqX9eTYo84PXkbccPUirzMGqLjJsOG/photo/AF1QipOrIEBAA6MLvH3BpAtLopIzua3MyotXRQJ95ILe;
18195;Valencia;Valencia;394.711.826;-0.3803981;Cervecería Velluters;;Valencia;cafe;hostelería;;;;;;;;;;https://photos.google.com/album/AF1QipPeTjEVM6iqX9eTYo84PXkbccPUirzMGqLjJsOG/photo/AF1QipOrIEBAA6MLvH3BpAtLopIzua3MyotXRQJ95ILe;
18196;Valencia;Valencia;394.709.675;-0.3808791;Café Santos;;Valencia;cafe;hostelería;;;;;;;;;;https://photos.google.com/album/AF1QipPeTjEVM6iqX9eTYo84PXkbccPUirzMGqLjJsOG/photo/AF1QipOrIEBAA6MLvH3BpAtLopIzua3MyotXRQJ95ILe;
18197;Valencia;Valencia;394.723.522;-0.381146;Bar Victoria;;Valencia;cafe;hostelería;;;;;;;;;;https://photos.google.com/album/AF1QipPeTjEVM6iqX9eTYo84PXkbccPUirzMGqLjJsOG/photo/AF1QipOrIEBAA6MLvH3BpAtLopIzua3MyotXRQJ95ILe;
18198;Valencia;Valencia;394.727.638;-0.3836713;Café Bar Almansa;;Valencia;cafe;hostelería;;;;;;;;;;https://photos.google.com/album/AF1QipPeTjEVM6iqX9eTYo84PXkbccPUirzMGqLjJsOG/photo/AF1QipOrIEBAA6MLvH3BpAtLopIzua3MyotXRQJ95ILe;
18202;Valencia;Valencia;394.743.828;-0.381215;Bar Jesús;;Valencia;cafe;hostelería;;;;;;;;;;https://photos.google.com/album/AF1QipPeTjEVM6iqX9eTYo84PXkbccPUirzMGqLjJsOG/photo/AF1QipOrIEBAA6MLvH3BpAtLopIzua3MyotXRQJ95ILe;
16277;País Vasco;Vizcaya;43.276.716;-2.958.292;Alcoba;;Bilbao;cafe;hostelería;;;;;;;;;;https://photos.google.com/album/AF1QipPeTjEVM6iqX9eTYo84PXkbccPUirzMGqLjJsOG/photo/AF1QipOrIEBAA6MLvH3BpAtLopIzua3MyotXRQJ95ILe;
16278;País Vasco;Vizcaya;432.766.021;-29.585.104;Casa del pueblo;;Bilbao;cafe;hostelería;;;;;;;;;;https://photos.google.com/album/AF1QipPeTjEVM6iqX9eTYo84PXkbccPUirzMGqLjJsOG/photo/AF1QipOrIEBAA6MLvH3BpAtLopIzua3MyotXRQJ95ILe;
16279;País Vasco;Vizcaya;432.773.654;-29.592.544;Banderas;;Bilbao;cafe;hostelería;;;;;;;;;;https://photos.google.com/album/AF1QipPeTjEVM6iqX9eTYo84PXkbccPUirzMGqLjJsOG/photo/AF1QipOrIEBAA6MLvH3BpAtLopIzua3MyotXRQJ95ILe;
16280;País Vasco;Vizcaya;432.754.673;-29.568.565;Tirol;;Bilbao;cafe;hostelería;;;;;;;;;;https://photos.google.com/album/AF1QipPeTjEVM6iqX9eTYo84PXkbccPUirzMGqLjJsOG/photo/AF1QipOrIEBAA6MLvH3BpAtLopIzua3MyotXRQJ95ILe;
16284;País Vasco;Vizcaya;432.759.587;-29.568.133;Mesón de Luis;;Bilbao;cafe;hostelería;;;;;;;;;;https://photos.google.com/album/AF1QipPeTjEVM6iqX9eTYo84PXkbccPUirzMGqLjJsOG/photo/AF1QipOrIEBAA6MLvH3BpAtLopIzua3MyotXRQJ95ILe;
8;Cataluña;Barcelona;414.540.651;22.064.721;Pizzeria Pulcinella;Carrer del Doctor Ferran 2;Barcelona;restaurante;hostelería;;;;;;;;;;https://photos.google.com/album/AF1QipPeTjEVM6iqX9eTYo84PXkbccPUirzMGqLjJsOG/photo/AF1QipOvgregYOMPN4vjhaBLfS9d1V7F_kxwLXaNDWR_;
0;Cataluña;Barcelona;413.816.867;20.766.452;Ateneu de Sant Just Desvern;;Barcelona;restaurante;hostelería;;;;;;;;;;https://photos.google.com/album/AF1QipPeTjEVM6iqX9eTYo84PXkbccPUirzMGqLjJsOG/photo/AF1QipOvgregYOMPN4vjhaBLfS9d1V7F_kxwLXaNDWR_;
18516;Andalucía;Málaga;367.221.131;-4.416.876;El Vegetariano de Alcazabilla;Calle Pozo del Rey 5;Málaga;restaurante;hostelería;;;;;;;;;;https://photos.google.com/album/AF1QipPeTjEVM6iqX9eTYo84PXkbccPUirzMGqLjJsOG/photo/AF1QipOvgregYOMPN4vjhaBLfS9d1V7F_kxwLXaNDWR_;
5802;Madrid;Madrid;404.252.476;-36.963.836;Sexto;Calle de Fernando VI 6;Madrid;restaurante;hostelería;;;;;;;;;;https://photos.google.com/album/AF1QipPeTjEVM6iqX9eTYo84PXkbccPUirzMGqLjJsOG/photo/AF1QipOvgregYOMPN4vjhaBLfS9d1V7F_kxwLXaNDWR_;
19128;Andalucía;Sevilla;373.829.205;-59.723.172;100 Montaditos;;Sevilla;restaurante;hostelería;;;;;;;;;;https://photos.google.com/album/AF1QipPeTjEVM6iqX9eTYo84PXkbccPUirzMGqLjJsOG/photo/AF1QipOvgregYOMPN4vjhaBLfS9d1V7F_kxwLXaNDWR_;
16831;Valencia;Valencia;394.517.073;-0.3723198;Saisua;;Valencia;restaurante;hostelería;;;;;;;;;;https://photos.google.com/album/AF1QipPeTjEVM6iqX9eTYo84PXkbccPUirzMGqLjJsOG/photo/AF1QipOvgregYOMPN4vjhaBLfS9d1V7F_kxwLXaNDWR_;
14346;País Vasco;Vizcaya;433.488.362;-30.113.765;Satistegi Jatetxea;;Bilbao;restaurante;hostelería;;;;;;;;;;https://photos.google.com/album/AF1QipPeTjEVM6iqX9eTYo84PXkbccPUirzMGqLjJsOG/photo/AF1QipOvgregYOMPN4vjhaBLfS9d1V7F_kxwLXaNDWR_;
9;Cataluña;Barcelona;413.817.618;21.834.151;Can Paixano;Carrer de la Reina Cristina 7;Barcelona;restaurante;hostelería;;;;;;;;;;https://photos.google.com/album/AF1QipPeTjEVM6iqX9eTYo84PXkbccPUirzMGqLjJsOG/photo/AF1QipOy0Nj2pIGc5OO_AruFF-0DG21z4VuBO4zffkPn;
18517;Andalucía;Málaga;366.742.292;-44.843.532;Restaurante Los Bravos;Calle Argonautas 9999;Málaga;restaurante;hostelería;;;;;;;;;;https://photos.google.com/album/AF1QipPeTjEVM6iqX9eTYo84PXkbccPUirzMGqLjJsOG/photo/AF1QipOy0Nj2pIGc5OO_AruFF-0DG21z4VuBO4zffkPn;
18535;Andalucía;Málaga;367.237.883;-44.197.485;Taperia de Sybaris;;Málaga;restaurante;hostelería;;;;;;;;;;https://photos.google.com/album/AF1QipPeTjEVM6iqX9eTYo84PXkbccPUirzMGqLjJsOG/photo/AF1QipOy0Nj2pIGc5OO_AruFF-0DG21z4VuBO4zffkPn;
5804;Madrid;Madrid;404.116.272;-37.102.277;El Viajero;Plaza de la Cebada 11;Madrid;restaurante;hostelería;;;;;;;;;;https://photos.google.com/album/AF1QipPeTjEVM6iqX9eTYo84PXkbccPUirzMGqLjJsOG/photo/AF1QipOy0Nj2pIGc5OO_AruFF-0DG21z4VuBO4zffkPn;
19129;Andalucía;Sevilla;373.829.347;-59.723.901;Jaque Mate Tapas;Eduardo Dato 9999;Sevilla;restaurante;hostelería;;;;;;;;;;https://photos.google.com/album/AF1QipPeTjEVM6iqX9eTYo84PXkbccPUirzMGqLjJsOG/photo/AF1QipOy0Nj2pIGc5OO_AruFF-0DG21z4VuBO4zffkPn;
16832;Valencia;Valencia;394.513.061;-0.372035;Chino Nuevo Siglo;;Valencia;restaurante;hostelería;;;;;;;;;;https://photos.google.com/album/AF1QipPeTjEVM6iqX9eTYo84PXkbccPUirzMGqLjJsOG/photo/AF1QipOy0Nj2pIGc5OO_AruFF-0DG21z4VuBO4zffkPn;
14347;País Vasco;Vizcaya;433.495.058;-30.147.925;NO NAME;;Bilbao;restaurante;hostelería;;;;;;;;;;https://photos.google.com/album/AF1QipPeTjEVM6iqX9eTYo84PXkbccPUirzMGqLjJsOG/photo/AF1QipOy0Nj2pIGc5OO_AruFF-0DG21z4VuBO4zffkPn;
10;Cataluña;Barcelona;413.949.813;21.916.505;La Brasería;Pere IV 36;Barcelona;restaurante;hostelería;;;;;;;;;;https://photos.google.com/album/AF1QipPeTjEVM6iqX9eTYo84PXkbccPUirzMGqLjJsOG/photo/AF1QipP_F2h7FuG1NuosUhmd2dIpZeWUGx89JiltAYhu;
18518;Andalucía;Málaga;366.753.983;-44.875.202;NO NAME;;Málaga;restaurante;hostelería;;;;;;;;;;https://photos.google.com/album/AF1QipPeTjEVM6iqX9eTYo84PXkbccPUirzMGqLjJsOG/photo/AF1QipP_F2h7FuG1NuosUhmd2dIpZeWUGx89JiltAYhu;
18686;Andalucía;Málaga;367.172.011;-44.220.362;Taberna La Antigua;Calle Trinidad Grund 12;Málaga;restaurante;hostelería;;;;;;;;;;https://photos.google.com/album/AF1QipPeTjEVM6iqX9eTYo84PXkbccPUirzMGqLjJsOG/photo/AF1QipP_F2h7FuG1NuosUhmd2dIpZeWUGx89JiltAYhu;
5805;Madrid;Madrid;40.412.068;-37.105.933;Que trabaje Rita;;Madrid;restaurante;hostelería;;;;;;;;;;https://photos.google.com/album/AF1QipPeTjEVM6iqX9eTYo84PXkbccPUirzMGqLjJsOG/photo/AF1QipP_F2h7FuG1NuosUhmd2dIpZeWUGx89JiltAYhu;
19130;Andalucía;Sevilla;373.854.176;-59.729.113;Domino's Pizza;;Sevilla;restaurante;hostelería;;;;;;;;;;https://photos.google.com/album/AF1QipPeTjEVM6iqX9eTYo84PXkbccPUirzMGqLjJsOG/photo/AF1QipP_F2h7FuG1NuosUhmd2dIpZeWUGx89JiltAYhu;
16833;Valencia;Valencia;394.483.496;-0.3678916;Bar San Luís;;Valencia;restaurante;hostelería;;;;;;;;;;https://photos.google.com/album/AF1QipPeTjEVM6iqX9eTYo84PXkbccPUirzMGqLjJsOG/photo/AF1QipP_F2h7FuG1NuosUhmd2dIpZeWUGx89JiltAYhu;
14348;País Vasco;Vizcaya;432.589.382;-29.370.198;Tapachula;;Bilbao;restaurante;hostelería;;;;;;;;;;https://photos.google.com/album/AF1QipPeTjEVM6iqX9eTYo84PXkbccPUirzMGqLjJsOG/photo/AF1QipP_F2h7FuG1NuosUhmd2dIpZeWUGx89JiltAYhu;
5752;Cataluña;Barcelona;41.372.552;21.177.841;Teatre Joventut;Carrer Joventut 10;Barcelona;teatro;ocio;;;;;;;;;;https://photos.google.com/album/AF1QipPeTjEVM6iqX9eTYo84PXkbccPUirzMGqLjJsOG/photo/AF1QipP0WP79C3KxI7FxNkUpd9Gy4tlYNMP_ZdTcHv7m;
14265;Madrid;Madrid;404.165.514;-37.054.496;Teatro Arenal;Calle Mayor 6;Madrid;teatro;ocio;;;;;;;;;;https://photos.google.com/album/AF1QipPeTjEVM6iqX9eTYo84PXkbccPUirzMGqLjJsOG/photo/AF1QipP0WP79C3KxI7FxNkUpd9Gy4tlYNMP_ZdTcHv7m;
14295;Madrid;Madrid;404.260.156;-3.707.584;Teatro Nueve Norte;Calle del Norte 9;Madrid;teatro;ocio;;;;;;;;;;https://photos.google.com/album/AF1QipPeTjEVM6iqX9eTYo84PXkbccPUirzMGqLjJsOG/photo/AF1QipP0WP79C3KxI7FxNkUpd9Gy4tlYNMP_ZdTcHv7m;
20967;Andalucía;Sevilla;373.585.187;-60.337.945;NO NAME;;Sevilla;teatro;ocio;;;;;;;;;;https://photos.google.com/album/AF1QipPeTjEVM6iqX9eTYo84PXkbccPUirzMGqLjJsOG/photo/AF1QipP0WP79C3KxI7FxNkUpd9Gy4tlYNMP_ZdTcHv7m;
18500;Valencia;Valencia;394.832.742;-0.4411016;Casa de Cultura;;Valencia;teatro;ocio;;;;;;;;;;https://photos.google.com/album/AF1QipPeTjEVM6iqX9eTYo84PXkbccPUirzMGqLjJsOG/photo/AF1QipP0WP79C3KxI7FxNkUpd9Gy4tlYNMP_ZdTcHv7m;
11;Cataluña;Barcelona;413.934.539;21.881.434;Palacio de China;;Barcelona;restaurante;hostelería;;;;;;;;;;https://photos.google.com/album/AF1QipPeTjEVM6iqX9eTYo84PXkbccPUirzMGqLjJsOG/photo/AF1QipP8X5wmzk1FRtU21uf84ZtcWTwbHf_UT7s_NyZX;
18519;Andalucía;Málaga;366.642.406;-44.614.229;Tick Tack Arrocería;Calle Rogelio Oliva 15;Málaga;restaurante;hostelería;;;;;;;;;;https://photos.google.com/album/AF1QipPeTjEVM6iqX9eTYo84PXkbccPUirzMGqLjJsOG/photo/AF1QipP8X5wmzk1FRtU21uf84ZtcWTwbHf_UT7s_NyZX;
18536;Andalucía;Málaga;367.191.054;-4.422.576;La Aldea;Calle Esparteros 5;Málaga;restaurante;hostelería;;;;;;;;;;https://photos.google.com/album/AF1QipPeTjEVM6iqX9eTYo84PXkbccPUirzMGqLjJsOG/photo/AF1QipP8X5wmzk1FRtU21uf84ZtcWTwbHf_UT7s_NyZX;
18753;Andalucía;Málaga;367.190.175;-44.225.668;Tandoori Mex;Calle Esparteros 8;Málaga;restaurante;hostelería;;;;;;;;;;https://photos.google.com/album/AF1QipPeTjEVM6iqX9eTYo84PXkbccPUirzMGqLjJsOG/photo/AF1QipP8X5wmzk1FRtU21uf84ZtcWTwbHf_UT7s_NyZX;
5806;Madrid;Madrid;404.128.259;-37.114.212;Vanila;;Madrid;restaurante;hostelería;;;;;;;;;;https://photos.google.com/album/AF1QipPeTjEVM6iqX9eTYo84PXkbccPUirzMGqLjJsOG/photo/AF1QipP8X5wmzk1FRtU21uf84ZtcWTwbHf_UT7s_NyZX;
19131;Andalucía;Sevilla;373.968.705;-59.967.756;Bar San Lorenzo;;Sevilla;restaurante;hostelería;;;;;;;;;;https://photos.google.com/album/AF1QipPeTjEVM6iqX9eTYo84PXkbccPUirzMGqLjJsOG/photo/AF1QipP8X5wmzk1FRtU21uf84ZtcWTwbHf_UT7s_NyZX;
19371;Andalucía;Sevilla;37.376.909;-59.747.744;Capitolio;Avenida Ramón y Cajal 32;Sevilla;restaurante;hostelería;;;;;;;;;;https://photos.google.com/album/AF1QipPeTjEVM6iqX9eTYo84PXkbccPUirzMGqLjJsOG/photo/AF1QipP8X5wmzk1FRtU21uf84ZtcWTwbHf_UT7s_NyZX;
16834;Valencia;Valencia;394.503.085;-0.3715924;Los Bestias;;Valencia;restaurante;hostelería;;;;;;;;;;https://photos.google.com/album/AF1QipPeTjEVM6iqX9eTYo84PXkbccPUirzMGqLjJsOG/photo/AF1QipP8X5wmzk1FRtU21uf84ZtcWTwbHf_UT7s_NyZX;
14349;País Vasco;Vizcaya;433.507.493;-30.037.514;Golden Horse;Villaondoeta kalea 14;Bilbao;restaurante;hostelería;;;;;;;;;;https://photos.google.com/album/AF1QipPeTjEVM6iqX9eTYo84PXkbccPUirzMGqLjJsOG/photo/AF1QipP8X5wmzk1FRtU21uf84ZtcWTwbHf_UT7s_NyZX;
5753;Cataluña;Barcelona;413.745.513;21.672.449;El Molino;;Barcelona;teatro;ocio;;;;;;;;;;https://photos.google.com/album/AF1QipPeTjEVM6iqX9eTYo84PXkbccPUirzMGqLjJsOG/photo/AF1QipP9jtL_i5m9vGvGa65C1tYg21f2nAVazJSbtZHE;
5749;Cataluña;Barcelona;41.384.087;2.164.267;Teatre Goya;;Barcelona;teatro;ocio;;;;;;;;;;https://photos.google.com/album/AF1QipPeTjEVM6iqX9eTYo84PXkbccPUirzMGqLjJsOG/photo/AF1QipP9jtL_i5m9vGvGa65C1tYg21f2nAVazJSbtZHE;
14267;Madrid;Madrid;404.223.279;-37.088.585;Teatro Gran Vía;Gran Vía 66;Madrid;teatro;ocio;;;;;;;;;;https://photos.google.com/album/AF1QipPeTjEVM6iqX9eTYo84PXkbccPUirzMGqLjJsOG/photo/AF1QipP9jtL_i5m9vGvGa65C1tYg21f2nAVazJSbtZHE;
14286;Madrid;Madrid;404.094.017;-3.697.992;Teatro del arte;Calle de San Cosme y San Damián 3;Madrid;teatro;ocio;;;;;;;;;;https://photos.google.com/album/AF1QipPeTjEVM6iqX9eTYo84PXkbccPUirzMGqLjJsOG/photo/AF1QipP9jtL_i5m9vGvGa65C1tYg21f2nAVazJSbtZHE;
20968;Andalucía;Sevilla;373.648.502;-6.080.493;NO NAME;;Sevilla;teatro;ocio;;;;;;;;;;https://photos.google.com/album/AF1QipPeTjEVM6iqX9eTYo84PXkbccPUirzMGqLjJsOG/photo/AF1QipP9jtL_i5m9vGvGa65C1tYg21f2nAVazJSbtZHE;
18501;Valencia;Valencia;394.622.893;-0.3766261;Sala Russafa;;Valencia;teatro;ocio;;;;;;;;;;https://photos.google.com/album/AF1QipPeTjEVM6iqX9eTYo84PXkbccPUirzMGqLjJsOG/photo/AF1QipP9jtL_i5m9vGvGa65C1tYg21f2nAVazJSbtZHE;
3285;Cataluña;Barcelona;413.773.354;21.670.705;Freedonia;;Barcelona;bar;hostelería;;;;;;;;;;https://photos.google.com/album/AF1QipPeTjEVM6iqX9eTYo84PXkbccPUirzMGqLjJsOG/photo/AF1QipPdz_eJs5loCwngtofgnCzZpFCI08RR-fjfDYgc;
3146;Cataluña;Barcelona;414.319.753;21.737.066;La Flor;;Barcelona;bar;hostelería;;;;;;;;;;https://photos.google.com/album/AF1QipPeTjEVM6iqX9eTYo84PXkbccPUirzMGqLjJsOG/photo/AF1QipPdz_eJs5loCwngtofgnCzZpFCI08RR-fjfDYgc;
3152;Cataluña;Barcelona;414.018.928;21.619.419;La Cigale;;Barcelona;bar;hostelería;;;;;;;;;;https://photos.google.com/album/AF1QipPeTjEVM6iqX9eTYo84PXkbccPUirzMGqLjJsOG/photo/AF1QipPdz_eJs5loCwngtofgnCzZpFCI08RR-fjfDYgc;
18920;Andalucía;Málaga;367.298.708;-44.025.489;El Tranvía;Calle Sierra de Grazalema 18;Málaga;bar;hostelería;;;;;;;;;;https://photos.google.com/album/AF1QipPeTjEVM6iqX9eTYo84PXkbccPUirzMGqLjJsOG/photo/AF1QipPdz_eJs5loCwngtofgnCzZpFCI08RR-fjfDYgc;
18868;Andalucía;Málaga;367.209.361;-43.781.657;Mandala;;Málaga;bar;hostelería;;;;;;;;;;https://photos.google.com/album/AF1QipPeTjEVM6iqX9eTYo84PXkbccPUirzMGqLjJsOG/photo/AF1QipPdz_eJs5loCwngtofgnCzZpFCI08RR-fjfDYgc;
18874;Andalucía;Málaga;367.236.242;-44.170.343;Bar Picasso;Plaza de la Merced 19;Málaga;bar;hostelería;;;;;;;;;;https://photos.google.com/album/AF1QipPeTjEVM6iqX9eTYo84PXkbccPUirzMGqLjJsOG/photo/AF1QipPdz_eJs5loCwngtofgnCzZpFCI08RR-fjfDYgc;
10354;Madrid;Madrid;404.696.893;-35.861.034;Egunon;;Madrid;bar;hostelería;;;;;;;;;;https://photos.google.com/album/AF1QipPeTjEVM6iqX9eTYo84PXkbccPUirzMGqLjJsOG/photo/AF1QipPdz_eJs5loCwngtofgnCzZpFCI08RR-fjfDYgc;
10323;Madrid;Madrid;404.130.638;-37.129.344;Bar Barocco;;Madrid;bar;hostelería;;;;;;;;;;https://photos.google.com/album/AF1QipPeTjEVM6iqX9eTYo84PXkbccPUirzMGqLjJsOG/photo/AF1QipPdz_eJs5loCwngtofgnCzZpFCI08RR-fjfDYgc;
10330;Madrid;Madrid;404.136.254;-36.956.999;La Fábrica;Calle de Jesús 2;Madrid;bar;hostelería;;;;;;;;;;https://photos.google.com/album/AF1QipPeTjEVM6iqX9eTYo84PXkbccPUirzMGqLjJsOG/photo/AF1QipPdz_eJs5loCwngtofgnCzZpFCI08RR-fjfDYgc;
19845;Andalucía;Sevilla;373.975.489;-59.969.243;Eslava;Calle Eslava 3;Sevilla;bar;hostelería;;;;;;;;;;https://photos.google.com/album/AF1QipPeTjEVM6iqX9eTYo84PXkbccPUirzMGqLjJsOG/photo/AF1QipPdz_eJs5loCwngtofgnCzZpFCI08RR-fjfDYgc;
19849;Andalucía;Sevilla;373.965.326;-59.938.871;La Bohemia;;Sevilla;bar;hostelería;;;;;;;;;;https://photos.google.com/album/AF1QipPeTjEVM6iqX9eTYo84PXkbccPUirzMGqLjJsOG/photo/AF1QipPdz_eJs5loCwngtofgnCzZpFCI08RR-fjfDYgc;
19855;Andalucía;Sevilla;373.905.484;-59.910.978;NO NAME;;Sevilla;bar;hostelería;;;;;;;;;;https://photos.google.com/album/AF1QipPeTjEVM6iqX9eTYo84PXkbccPUirzMGqLjJsOG/photo/AF1QipPdz_eJs5loCwngtofgnCzZpFCI08RR-fjfDYgc;
17856;Valencia;Valencia;394.748.253;-0.3822345;Gilda;;Valencia;bar;hostelería;;;;;;;;;;https://photos.google.com/album/AF1QipPeTjEVM6iqX9eTYo84PXkbccPUirzMGqLjJsOG/photo/AF1QipPdz_eJs5loCwngtofgnCzZpFCI08RR-fjfDYgc;
17860;Valencia;Valencia;394.810.836;-0.3960111;NO NAME;;Valencia;bar;hostelería;;;;;;;;;;https://photos.google.com/album/AF1QipPeTjEVM6iqX9eTYo84PXkbccPUirzMGqLjJsOG/photo/AF1QipPdz_eJs5loCwngtofgnCzZpFCI08RR-fjfDYgc;
17866;Valencia;Valencia;395.435.261;-0.3958456;NO NAME;;Valencia;bar;hostelería;;;;;;;;;;https://photos.google.com/album/AF1QipPeTjEVM6iqX9eTYo84PXkbccPUirzMGqLjJsOG/photo/AF1QipPdz_eJs5loCwngtofgnCzZpFCI08RR-fjfDYgc;
15026;País Vasco;Vizcaya;432.591.308;-29.370.779;Alhondegi;;Bilbao;bar;hostelería;;;;;;;;;;https://photos.google.com/album/AF1QipPeTjEVM6iqX9eTYo84PXkbccPUirzMGqLjJsOG/photo/AF1QipPdz_eJs5loCwngtofgnCzZpFCI08RR-fjfDYgc;
15016;País Vasco;Vizcaya;433.547.475;-28.467.671;NO NAME;;Bilbao;bar;hostelería;;;;;;;;;;https://photos.google.com/album/AF1QipPeTjEVM6iqX9eTYo84PXkbccPUirzMGqLjJsOG/photo/AF1QipPdz_eJs5loCwngtofgnCzZpFCI08RR-fjfDYgc;
15022;País Vasco;Vizcaya;433.492.723;-3.010.681;Getxo;;Bilbao;bar;hostelería;;;;;;;;;;https://photos.google.com/album/AF1QipPeTjEVM6iqX9eTYo84PXkbccPUirzMGqLjJsOG/photo/AF1QipPdz_eJs5loCwngtofgnCzZpFCI08RR-fjfDYgc;
4128;Cataluña;Barcelona;413.865.807;21.836.862;Incognito Bar;Carrer Fusina 6;Barcelona;pub;hostelería;;;;;;;;;;https://photos.google.com/album/AF1QipPeTjEVM6iqX9eTYo84PXkbccPUirzMGqLjJsOG/photo/AF1QipPdz_eJs5loCwngtofgnCzZpFCI08RR-fjfDYgc;
18955;Andalucía;Málaga;367.305.574;-44.248.067;Cafetería Oasis;Calle Actriz Rosario Pino 4;Málaga;pub;hostelería;;;;;;;;;;https://photos.google.com/album/AF1QipPeTjEVM6iqX9eTYo84PXkbccPUirzMGqLjJsOG/photo/AF1QipPdz_eJs5loCwngtofgnCzZpFCI08RR-fjfDYgc;
12350;Madrid;Madrid;405.034.531;-38.882.587;Aperitoche;;Madrid;pub;hostelería;;;;;;;;;;https://photos.google.com/album/AF1QipPeTjEVM6iqX9eTYo84PXkbccPUirzMGqLjJsOG/photo/AF1QipPdz_eJs5loCwngtofgnCzZpFCI08RR-fjfDYgc;
20605;Andalucía;Sevilla;373.873.731;-60.055.968;Lola Cazelora;Calle Castilla 36;Sevilla;pub;hostelería;;;;;;;;;;https://photos.google.com/album/AF1QipPeTjEVM6iqX9eTYo84PXkbccPUirzMGqLjJsOG/photo/AF1QipPdz_eJs5loCwngtofgnCzZpFCI08RR-fjfDYgc;
18065;Valencia;Valencia;394.753.579;-0.3832023;Cubanito Lounge;;Valencia;pub;hostelería;;;;;;;;;;https://photos.google.com/album/AF1QipPeTjEVM6iqX9eTYo84PXkbccPUirzMGqLjJsOG/photo/AF1QipPdz_eJs5loCwngtofgnCzZpFCI08RR-fjfDYgc;
16124;País Vasco;Vizcaya;433.261.731;-30.075.859;Anaiak;;Bilbao;pub;hostelería;;;;;;;;;;https://photos.google.com/album/AF1QipPeTjEVM6iqX9eTYo84PXkbccPUirzMGqLjJsOG/photo/AF1QipPdz_eJs5loCwngtofgnCzZpFCI08RR-fjfDYgc;
5754;Cataluña;Barcelona;413.748.027;21.687.428;Teatre Victòria;;Barcelona;teatro;ocio;;;;;;;;;;https://photos.google.com/album/AF1QipPeTjEVM6iqX9eTYo84PXkbccPUirzMGqLjJsOG/photo/AF1QipPlf_dY4PTd6oeOACM7i_V9HcpObKtJt12CRLKa;
14268;Madrid;Madrid;40.414.865;-37.001.523;Teatro Español;;Madrid;teatro;ocio;;;;;;;;;;https://photos.google.com/album/AF1QipPeTjEVM6iqX9eTYo84PXkbccPUirzMGqLjJsOG/photo/AF1QipPlf_dY4PTd6oeOACM7i_V9HcpObKtJt12CRLKa;
20969;Andalucía;Sevilla;373.876.143;-60.782.919;Teatro El Tronío;;Sevilla;teatro;ocio;;;;;;;;;;https://photos.google.com/album/AF1QipPeTjEVM6iqX9eTYo84PXkbccPUirzMGqLjJsOG/photo/AF1QipPlf_dY4PTd6oeOACM7i_V9HcpObKtJt12CRLKa;
18502;Valencia;Valencia;39.499.774;-0.3491795;Teatro L'Agrícola;;Valencia;teatro;ocio;;;;;;;;;;https://photos.google.com/album/AF1QipPeTjEVM6iqX9eTYo84PXkbccPUirzMGqLjJsOG/photo/AF1QipPlf_dY4PTd6oeOACM7i_V9HcpObKtJt12CRLKa;
16823;País Vasco;Vizcaya;433.212.369;-30.026.639;Lamiako antzokia;;Bilbao;teatro;ocio;;;;;;;;;;https://photos.google.com/album/AF1QipPeTjEVM6iqX9eTYo84PXkbccPUirzMGqLjJsOG/photo/AF1QipPlf_dY4PTd6oeOACM7i_V9HcpObKtJt12CRLKa;
13;Cataluña;Barcelona;414.021.663;21.623.411;Cal Boter;;Barcelona;restaurante;hostelería;;;;;;;;;;https://photos.google.com/album/AF1QipPeTjEVM6iqX9eTYo84PXkbccPUirzMGqLjJsOG/photo/AF1QipPqVybvUQ5N8EBG7Q6ardNjPebV7oBC15TJ4i5x;
12;Cataluña;Barcelona;41.447.858;21.319.638;Restaurant Can Valldaura;;Barcelona;restaurante;hostelería;;;;;;;;;;https://photos.google.com/album/AF1QipPeTjEVM6iqX9eTYo84PXkbccPUirzMGqLjJsOG/photo/AF1QipPqVybvUQ5N8EBG7Q6ardNjPebV7oBC15TJ4i5x;
18520;Andalucía;Málaga;367.223.073;-44.206.242;Pepa y Pepe;;Málaga;restaurante;hostelería;;;;;;;;;;https://photos.google.com/album/AF1QipPeTjEVM6iqX9eTYo84PXkbccPUirzMGqLjJsOG/photo/AF1QipPqVybvUQ5N8EBG7Q6ardNjPebV7oBC15TJ4i5x;
5807;Madrid;Madrid;404.128.962;-37.114.087;Naïa;;Madrid;restaurante;hostelería;;;;;;;;;;https://photos.google.com/album/AF1QipPeTjEVM6iqX9eTYo84PXkbccPUirzMGqLjJsOG/photo/AF1QipPqVybvUQ5N8EBG7Q6ardNjPebV7oBC15TJ4i5x;
5803;Madrid;Madrid;404.162.327;-37.088.498;Brasa y Leña;Plaza del Comandante Las Morenas 3;Madrid;restaurante;hostelería;;;;;;;;;;https://photos.google.com/album/AF1QipPeTjEVM6iqX9eTYo84PXkbccPUirzMGqLjJsOG/photo/AF1QipPqVybvUQ5N8EBG7Q6ardNjPebV7oBC15TJ4i5x;
19132;Andalucía;Sevilla;373.969.679;-59.963.185;Cafe Bar El Sardinero;;Sevilla;restaurante;hostelería;;;;;;;;;;https://photos.google.com/album/AF1QipPeTjEVM6iqX9eTYo84PXkbccPUirzMGqLjJsOG/photo/AF1QipPqVybvUQ5N8EBG7Q6ardNjPebV7oBC15TJ4i5x;
16835;Valencia;Valencia;394.849.007;-0.3379912;El Famós;Camí de L'esglesia de Vera 14;Valencia;restaurante;hostelería;;;;;;;;;;https://photos.google.com/album/AF1QipPeTjEVM6iqX9eTYo84PXkbccPUirzMGqLjJsOG/photo/AF1QipPqVybvUQ5N8EBG7Q6ardNjPebV7oBC15TJ4i5x;
14350;País Vasco;Vizcaya;433.592.236;-30.189.795;Cubita;;Bilbao;restaurante;hostelería;;;;;;;;;;https://photos.google.com/album/AF1QipPeTjEVM6iqX9eTYo84PXkbccPUirzMGqLjJsOG/photo/AF1QipPqVybvUQ5N8EBG7Q6ardNjPebV7oBC15TJ4i5x;
3153;Cataluña;Barcelona;413.830.486;2.178.292;Zim;Carrer de la Dagueria 20;Barcelona;bar;hostelería;;;;;;;;;;https://photos.google.com/album/AF1QipPeTjEVM6iqX9eTYo84PXkbccPUirzMGqLjJsOG/photo/AF1QipPybbQRlSCVfNORaEkO3iiC6CW7NvUbuMslwiWk;
18876;Andalucía;Málaga;367.234.096;-44.167.239;El Carmen;Plaza de la Merced 22;Málaga;bar;hostelería;;;;;;;;;;https://photos.google.com/album/AF1QipPeTjEVM6iqX9eTYo84PXkbccPUirzMGqLjJsOG/photo/AF1QipPybbQRlSCVfNORaEkO3iiC6CW7NvUbuMslwiWk;
10329;Madrid;Madrid;40.413.178;-36.957.012;El Diario;Calle de las Huertas 69;Madrid;bar;hostelería;;;;;;;;;;https://photos.google.com/album/AF1QipPeTjEVM6iqX9eTYo84PXkbccPUirzMGqLjJsOG/photo/AF1QipPybbQRlSCVfNORaEkO3iiC6CW7NvUbuMslwiWk;
19846;Andalucía;Sevilla;373.859.859;-59.860.999;Taberna El papelón;;Sevilla;bar;hostelería;;;;;;;;;;https://photos.google.com/album/AF1QipPeTjEVM6iqX9eTYo84PXkbccPUirzMGqLjJsOG/photo/AF1QipPybbQRlSCVfNORaEkO3iiC6CW7NvUbuMslwiWk;
17857;Valencia;Valencia;394.853.697;-0.39947;Bar Molino II;;Valencia;bar;hostelería;;;;;;;;;;https://photos.google.com/album/AF1QipPeTjEVM6iqX9eTYo84PXkbccPUirzMGqLjJsOG/photo/AF1QipPybbQRlSCVfNORaEkO3iiC6CW7NvUbuMslwiWk;
15055;País Vasco;Vizcaya;432.488.306;-29.272.094;Bil&Boss;;Bilbao;bar;hostelería;;;;;;;;;;https://photos.google.com/album/AF1QipPeTjEVM6iqX9eTYo84PXkbccPUirzMGqLjJsOG/photo/AF1QipPybbQRlSCVfNORaEkO3iiC6CW7NvUbuMslwiWk;
3147;Cataluña;Barcelona;413.759.838;21.350.831;Orhan;;Barcelona;bar;hostelería;;;;;;;;;;https://photos.google.com/album/AF1QipPeTjEVM6iqX9eTYo84PXkbccPUirzMGqLjJsOG/photo/AF1QipPz1PsYp0NdYqLDbMJeR5mG4WTn7qPFQ07D0Pks;
3154;Cataluña;Barcelona;41.402.675;21.989.594;Bar Burgales;Ramble de Poblenou 99;Barcelona;bar;hostelería;;;;;;;;;;https://photos.google.com/album/AF1QipPeTjEVM6iqX9eTYo84PXkbccPUirzMGqLjJsOG/photo/AF1QipPz1PsYp0NdYqLDbMJeR5mG4WTn7qPFQ07D0Pks;
18869;Andalucía;Málaga;367.216.918;-44.197.383;Mesón Gibralfaro;;Málaga;bar;hostelería;;;;;;;;;;https://photos.google.com/album/AF1QipPeTjEVM6iqX9eTYo84PXkbccPUirzMGqLjJsOG/photo/AF1QipPz1PsYp0NdYqLDbMJeR5mG4WTn7qPFQ07D0Pks;
18875;Andalucía;Málaga;367.235.511;-44.169.338;Re-pitta;Plaza de la Merced 20;Málaga;bar;hostelería;;;;;;;;;;https://photos.google.com/album/AF1QipPeTjEVM6iqX9eTYo84PXkbccPUirzMGqLjJsOG/photo/AF1QipPz1PsYp0NdYqLDbMJeR5mG4WTn7qPFQ07D0Pks;
10324;Madrid;Madrid;404.094.884;-36.938.073;NO NAME;;Madrid;bar;hostelería;;;;;;;;;;https://photos.google.com/album/AF1QipPeTjEVM6iqX9eTYo84PXkbccPUirzMGqLjJsOG/photo/AF1QipPz1PsYp0NdYqLDbMJeR5mG4WTn7qPFQ07D0Pks;
10331;Madrid;Madrid;404.135.119;-36.957.073;Los Gatos;;Madrid;bar;hostelería;;;;;;;;;;https://photos.google.com/album/AF1QipPeTjEVM6iqX9eTYo84PXkbccPUirzMGqLjJsOG/photo/AF1QipPz1PsYp0NdYqLDbMJeR5mG4WTn7qPFQ07D0Pks;
19850;Andalucía;Sevilla;373.877.927;-59.872.658;La Carbonería;Calle Levíes 18;Sevilla;bar;hostelería;;;;;;;;;;https://photos.google.com/album/AF1QipPeTjEVM6iqX9eTYo84PXkbccPUirzMGqLjJsOG/photo/AF1QipPz1PsYp0NdYqLDbMJeR5mG4WTn7qPFQ07D0Pks;
19856;Andalucía;Sevilla;373.912.985;-599.113;La Barbería;;Sevilla;bar;hostelería;;;;;;;;;;https://photos.google.com/album/AF1QipPeTjEVM6iqX9eTYo84PXkbccPUirzMGqLjJsOG/photo/AF1QipPz1PsYp0NdYqLDbMJeR5mG4WTn7qPFQ07D0Pks;
17861;Valencia;Valencia;394.851.744;-0.3998755;Bar Restaurante Iván;;Valencia;bar;hostelería;;;;;;;;;;https://photos.google.com/album/AF1QipPeTjEVM6iqX9eTYo84PXkbccPUirzMGqLjJsOG/photo/AF1QipPz1PsYp0NdYqLDbMJeR5mG4WTn7qPFQ07D0Pks;
17867;Valencia;Valencia;394.596.202;-0.400312;El Rincón de Jose IV;;Valencia;bar;hostelería;;;;;;;;;;https://photos.google.com/album/AF1QipPeTjEVM6iqX9eTYo84PXkbccPUirzMGqLjJsOG/photo/AF1QipPz1PsYp0NdYqLDbMJeR5mG4WTn7qPFQ07D0Pks;
15017;País Vasco;Vizcaya;432.586.397;-29.365.326;Ze;;Bilbao;bar;hostelería;;;;;;;;;;https://photos.google.com/album/AF1QipPeTjEVM6iqX9eTYo84PXkbccPUirzMGqLjJsOG/photo/AF1QipPz1PsYp0NdYqLDbMJeR5mG4WTn7qPFQ07D0Pks;
15023;País Vasco;Vizcaya;433.514.117;-30.120.457;Ajuria;;Bilbao;bar;hostelería;;;;;;;;;;https://photos.google.com/album/AF1QipPeTjEVM6iqX9eTYo84PXkbccPUirzMGqLjJsOG/photo/AF1QipPz1PsYp0NdYqLDbMJeR5mG4WTn7qPFQ07D0Pks;
